soot,,
1.7774706,,20753.54579
2.908071,,
0.7656385,,
0.26583934,,
1.0334857,,
1.99224,,
2.580958,,
3.0780902,,
3.1651568,,
3.5647078,,
4.329986,,
4.147159,,
4.0206895,,
3.8497257,,
4.2922125,,
3.3836656,,
3.3210745,,
3.2398167,,
3.1938143,,
3.1376486,,
3.0255866,,
3.031423,,
3.035678,,
2.3604608,,
3.1568427,,
2.9996872,,
2.8728228,,
2.8411078,,
2.6839683,,
2.0329874,,
2.278492,,
2.4627912,,
2.4566085,,
2.6121192,,
1.7179668,,
1.8000371,,
1.9147916,,
2.011964,,
2.1422923,,
2.3224583,,
2.319664,,
2.6600254,,
2.7502694,,
2.7790911,,
3.1542044,,
2.747112,,
2.453892,,
2.5220132,,
2.6849573,,
2.6952121,,
2.9093874,,
2.8590608,,
3.0374384,,
3.0957804,,
3.0942326,,
3.0318599,,
4.2354503,,
0.4579685,,
0.44201708,,
0.43641162,,
0.46046838,,
0.47063136,,
0.6360749,,
1.1701984,,
1.8861873,,
2.3004117,,
2.7832122,,
2.8862963,,
2.9438179,,
2.8424845,,
2.9966846,,
2.8916736,,
2.9454594,,
2.764846,,
2.735998,,
7.599371,,
8.663981,,
7.936166,,
7.9675083,,
5.7322607,,
6.286552,,
4.362486,,
3.707944,,
3.250134,,
2.9095275,,
2.6232948,,
2.427485,,
1.8552017,,
7.8761396,,
10.060616,,
2.3584516,,
0.7767612,,
1.7154465,,
2.2909536,,
3.670874,,
3.8827014,,
5.0825615,,
4.1339765,,
4.0566945,,
4.1519294,,
4.2379966,,
3.1832218,,
2.616019,,
2.422422,,
2.3373806,,
1.3680673,,
0.88968396,,
1.1480496,,
2.1443944,,
2.0810204,,
2.0018818,,
1.5769823,,
1.5405345,,
1.4667535,,
1.501385,,
1.4615414,,
0.7856735,,
0.8342354,,
0.8983505,,
1.1062198,,
1.3306484,,
2.2567947,,
2.6592472,,
2.9519331,,
3.4425912,,
5.8160276,,
5.294277,,
5.2915826,,
5.3362455,,
5.530343,,
4.407168,,
2.8802378,,
2.0170033,,
1.6032093,,
1.0597122,,
0.86509943,,
0.9749049,,
3.317768,,
2.6001184,,
2.689603,,
2.7566812,,
3.2069545,,
4.4190655,,
2.2905037,,
1.8927729,,
1.6383667,,
1.755727,,
1.9831102,,
1.8902233,,
3.0262814,,
2.9116547,,
3.1086059,,
3.1641603,,
3.1863985,,
3.350371,,
3.531011,,
3.53893,,
3.5246916,,
3.0727649,,
2.9770913,,
2.8291392,,
2.7503948,,
2.5544772,,
2.411868,,
2.1604457,,
2.1517735,,
2.0453181,,
2.028019,,
2.0002387,,
1.846658,,
1.8528657,,
1.8946648,,
1.9250112,,
1.9955277,,
2.0898342,,
2.216684,,
2.28607,,
2.4176216,,
2.5194423,,
2.5295029,,
2.4544199,,
2.4756637,,
2.3919485,,
2.3180058,,
2.2101157,,
2.1207924,,
2.0681984,,
2.078475,,
2.0130198,,
1.9003503,,
1.9196537,,
1.8770607,,
1.8522756,,
1.7934716,,
3.1301417,,
3.1359997,,
2.369585,,
2.2365887,,
2.3858616,,
2.3979042,,
1.9822354,,
1.8882096,,
1.9579875,,
1.9230282,,
1.9258504,,
2.3855097,,
2.4512343,,
2.1437013,,
2.1707616,,
2.1785614,,
2.1445308,,
2.1174712,,
2.1619954,,
2.1537125,,
2.22085,,
1.6785705,,
1.6618071,,
1.6313884,,
1.7481744,,
1.8298328,,
1.8638206,,
1.8765213,,
1.9269133,,
1.9631977,,
2.0122573,,
2.0163302,,
1.9762497,,
2.1011066,,
1.8342586,,
3.9889235,,
3.7397008,,
3.8116431,,
4.0545864,,
4.393875,,
4.972011,,
4.7455964,,
5.3526955,,
1.9064336,,
1.350997,,
1.090533,,
0.9535483,,
0.8498957,,
0.9485973,,
1.2671361,,
1.7406607,,
2.6054401,,
2.5935736,,
2.8009865,,
3.8176966,,
3.4487376,,
3.4825072,,
2.9246676,,
2.5924723,,
2.4762344,,
2.371558,,
2.2633643,,
2.3044693,,
2.15896,,
2.1942542,,
1.7743034,,
1.7472117,,
1.909302,,
1.8030031,,
1.916805,,
1.0618534,,
1.2303486,,
1.1223671,,
0.6740086,,
0.6070111,,
0.5956093,,
0.9925003,,
0.28806454,,
0.2589136,,
0.37316984,,
0.4960314,,
0.67554855,,
1.3810253,,
2.1861055,,
2.851922,,
3.0048752,,
2.8744488,,
2.9154487,,
2.8164968,,
2.6742392,,
2.3827076,,
2.2304552,,
2.0686743,,
1.9608545,,
2.0058348,,
1.8819544,,
1.8747196,,
1.7983294,,
1.8402641,,
1.8946123,,
1.9337666,,
1.9415727,,
1.931292,,
1.8266003,,
1.9104903,,
1.8529375,,
1.84569,,
1.9781246,,
1.9252188,,
1.8774779,,
1.9567459,,
1.9405098,,
2.105436,,
2.0746846,,
2.081875,,
2.0881996,,
2.1360843,,
2.13687,,
2.16056,,
2.2059863,,
2.4244163,,
2.3258805,,
2.398134,,
2.4938755,,
2.4675317,,
2.6045725,,
2.6071284,,
2.5441852,,
2.6438468,,
2.5536368,,
2.6548169,,
2.7290502,,
2.970532,,
2.8062625,,
2.7570171,,
2.4305289,,
2.1440609,,
2.119341,,
2.1371837,,
2.0933354,,
2.144393,,
2.0918083,,
2.133966,,
1.9637468,,
2.9479144,,
1.0636303,,
2.1393116,,
2.5037382,,
2.7979198,,
4.472133,,
3.624011,,
4.109284,,
3.3533058,,
3.152542,,
3.1003008,,
3.1769996,,
2.623615,,
2.5192764,,
2.3843012,,
2.330793,,
1.982372,,
1.7402408,,
3.0578847,,
3.315381,,
3.778201,,
4.9823394,,
4.992431,,
2.7784145,,
2.6350763,,
3.4064827,,
4.1655884,,
4.3950667,,
3.5333915,,
4.0906744,,
2.0161574,,
1.4446576,,
0.7522489,,
0.21190524,,
0.2394876,,
0.006455805,,
0.5996456,,
0.3120098,,
0.41416195,,
0.818506,,
1.0271657,,
1.5622721,,
2.1425107,,
1.9748387,,
1.4846075,,
1.1499407,,
1.2462401,,
0.65434515,,
0.67210674,,
1.8793049,,
0.84387684,,
0.5676849,,
0.444113,,
0.56517756,,
0.77978444,,
0.95449555,,
1.2765896,,
2.1656175,,
2.9818618,,
3.4954567,,
3.9946775,,
4.0407205,,
4.127579,,
4.3325744,,
4.155086,,
4.137411,,
3.9783702,,
3.8432064,,
3.3753867,,
3.0824642,,
2.9332905,,
2.5679145,,
2.3792753,,
2.1314294,,
1.9946711,,
1.9196746,,
2.0090015,,
3.2184305,,
2.6740813,,
3.0146713,,
2.8757,,
4.3585973,,
5.4441676,,
4.095122,,
3.935863,,
4.169809,,
3.8644776,,
2.9076633,,
2.4456625,,
2.2462592,,
2.4363544,,
2.0753415,,
2.0082145,,
1.9517171,,
1.8775442,,
1.83897,,
1.5591409,,
4.566721,,
9.512914,,
11.574276,,
1.985282,,
1.0437589,,
1.5944588,,
1.9983172,,
7.9567347,,
7.315922,,
1.1339304,,
3.7615776,,
5.7758374,,
8.016248,,
4.677435,,
4.7307534,,
1.1817873,,
0.8088287,,
1.8539667,,
1.3818312,,
1.4903293,,
2.0938034,,
3.3894658,,
3.2742105,,
1.6145291,,
0.6262498,,
0.55914164,,
1.3537083,,
1.354608,,
1.3087046,,
1.3297606,,
1.3269365,,
1.3499234,,
1.5790942,,
1.6372421,,
1.7439859,,
1.8347456,,
1.8434248,,
1.9266443,,
2.015734,,
2.038454,,
2.0899632,,
2.3248837,,
2.4838445,,
2.6888251,,
2.9613132,,
3.3621173,,
3.699552,,
4.065416,,
4.4510984,,
4.568691,,
4.776729,,
4.8106117,,
4.8606806,,
4.7684417,,
4.695986,,
4.544297,,
4.666589,,
4.218973,,
4.289036,,
4.25566,,
4.9880114,,
4.6659355,,
3.5947218,,
2.9171605,,
2.5511823,,
2.3124235,,
2.0958247,,
1.9156265,,
1.8431787,,
2.0971973,,
1.4512455,,
1.2336237,,
1.3047912,,
1.0665452,,
0.42219824,,
1.0875762,,
0.85197127,,
1.1630313,,
2.2882206,,
2.7213001,,
3.0209956,,
3.0470757,,
3.037269,,
3.3694344,,
3.648481,,
3.8487372,,
3.306509,,
3.5533943,,
3.64359,,
3.7049294,,
3.8373618,,
3.8560233,,
3.8377085,,
4.0779376,,
1.8715804,,
1.6586051,,
3.086537,,
3.6969943,,
2.9999151,,
3.3566442,,
3.9442887,,
3.7366147,,
3.6560416,,
3.0826445,,
2.4527369,,
2.40263,,
2.2215466,,
2.2600014,,
2.227632,,
2.04978,,
4.0481396,,
1.0129011,,
0.71183515,,
0.5515443,,
0.53680146,,
0.63499594,,
0.8147937,,
1.1156716,,
1.8524756,,
3.0441203,,
3.4848142,,
3.9028368,,
3.9226332,,
4.0342674,,
4.0159717,,
4.123659,,
4.0663958,,
4.087922,,
3.987936,,
3.806385,,
3.58256,,
3.2699256,,
2.9701862,,
2.8404412,,
2.5904999,,
2.3977308,,
2.220999,,
2.0578222,,
1.9922402,,
1.8427773,,
1.7606473,,
1.7083907,,
1.6744435,,
1.5449946,,
1.6444387,,
1.6320422,,
1.6341012,,
1.709054,,
1.6605453,,
1.7718484,,
1.7866366,,
1.7768438,,
1.7764287,,
1.8373668,,
1.8360376,,
1.9054241,,
1.9658766,,
1.8577113,,
1.9920042,,
1.9077964,,
2.4435523,,
2.7233577,,
3.1873732,,
3.3054404,,
3.9810023,,
4.552884,,
5.2501507,,
5.123969,,
4.5217276,,
3.7997203,,
3.1803684,,
6.173524,,
5.0761847,,
5.1706944,,
15.570568,,
0.97087336,,
5.648752,,
24.266998,,
23.953964,,
13.974542,,
9.344461,,
8.171182,,
7.562104,,
6.8916273,,
4.899305,,
4.064201,,
4.625303,,
4.4617267,,
4.3519936,,
4.2689824,,
5.6976247,,
6.514016,,
6.6174397,,
6.6839433,,
6.884304,,
7.4640417,,
5.8699317,,
3.8405466,,
2.3054168,,
2.4834752,,
2.673759,,
2.7376065,,
2.4568734,,
2.0065956,,
1.3084934,,
0.93355596,,
2.6495295,,
2.55599,,
4.9115605,,
3.0109906,,
4.2793474,,
3.0595808,,
3.022089,,
3.2415318,,
3.5154743,,
3.8115516,,
4.197023,,
2.3925188,,
1.324873,,
6.1330786,,
8.786695,,
3.8102984,,
5.1555257,,
5.422116,,
5.692044,,
1.789561,,
1.2420387,,
0.7494528,,
0.71165776,,
0.67032075,,
0.628814,,
0.9961182,,
1.0404732,,
1.4085937,,
0.94733894,,
1.5163393,,
2.403635,,
2.3675785,,
2.3220098,,
2.5780785,,
2.9723547,,
3.1461396,,
3.4431129,,
3.5673747,,
3.615765,,
3.5739737,,
3.5991368,,
3.6536603,,
3.766971,,
3.8917375,,
4.13152,,
4.3004274,,
3.8300967,,
2.6584651,,
2.8509216,,
3.3793898,,
1.0065861,,
1.0709791,,
0.7738049,,
1.8741982,,
2.1700215,,
1.2191038,,
1.12077,,
1.1704414,,
1.2137883,,
1.1646345,,
1.1493778,,
2.3949444,,
2.3897083,,
2.1703258,,
2.0504885,,
2.2650194,,
2.2841868,,
3.444634,,
3.4924054,,
3.4078908,,
8.466474,,
4.8988285,,
3.941656,,
3.194982,,
1.3182058,,
0.9437392,,
0.8702501,,
0.78531456,,
0.802817,,
0.877741,,
0.8071921,,
0.7544116,,
0.7471955,,
1.2420235,,
1.1102197,,
1.079231,,
0.97069395,,
0.8587965,,
0.79112625,,
0.7726582,,
2.3912015,,
3.3363047,,
3.7360015,,
11.285706,,
6.868046,,
7.1153307,,
7.485201,,
6.2109356,,
5.4327617,,
6.582771,,
6.564371,,
6.7529435,,
5.86991,,
4.8980927,,
4.1102667,,
3.5870867,,
3.0870628,,
2.6361706,,
2.4621024,,
2.4092767,,
0.8373523,,
0.48828915,,
0.56249213,,
0.8345115,,
0.91818416,,
0.9011383,,
0.7546749,,
0.581534,,
0.4649193,,
0.38007975,,
0.29699737,,
0.24374638,,
0.09615278,,
0.22606866,,
1.0977402,,
4.592003,,
7.4997444,,
8.511386,,
24.62038,,
7.1589804,,
10.798704,,
9.1418915,,
2.0733383,,
1.0329325,,
0.9490589,,
0.781211,,
0.62217987,,
0.41068885,,
0.29277813,,
0.21454969,,
1.0474372,,
1.986609,,
2.012195,,
1.8313458,,
1.9150095,,
2.3589332,,
11.480713,,
8.087483,,
7.173811,,
6.5562396,,
5.593772,,
3.6968474,,
3.0083098,,
3.089068,,
2.8293839,,
3.3742704,,
3.5575876,,
3.6034384,,
3.5718355,,
3.5377727,,
3.0362964,,
2.6565497,,
2.344857,,
2.0171697,,
1.8279719,,
1.7763228,,
1.7239895,,
1.8811297,,
2.2233303,,
2.5741727,,
2.3637893,,
2.0357912,,
2.0701756,,
2.0301497,,
1.3278389,,
0.8298298,,
0.6531161,,
0.48641312,,
0.37959522,,
0.28912836,,
0.41112566,,
0.5314777,,
0.7433648,,
1.1149826,,
9.96208,,
22.188202,,
17.68994,,
15.843681,,
12.96885,,
3.4308748,,
3.063984,,
3.0487957,,
2.9216306,,
2.5952084,,
2.388454,,
1.823962,,
3.1766057,,
2.0659914,,
1.3663759,,
0.9065628,,
1.0183153,,
1.910393,,
2.2183826,,
2.7372372,,
3.1842465,,
20.448103,,
13.919473,,
14.562976,,
4.092146,,
3.6560068,,
0.9597515,,
0.9554349,,
1.4124281,,
1.2904174,,
1.592174,,
2.648505,,
2.976451,,
3.508737,,
2.8987687,,
3.2511497,,
3.4082208,,
6.906842,,
6.3188014,,
8.39238,,
4.774717,,
4.4378,,
8.864386,,
7.4065742,,
6.409137,,
5.7320585,,
5.759719,,
3.072836,,
2.9352133,,
1.9836016,,
2.3975058,,
2.627117,,
1.809001,,
1.7358634,,
0.9302852,,
1.0047712,,
1.620184,,
1.6131387,,
1.6357117,,
1.6261191,,
1.6814673,,
1.7787254,,
2.7552369,,
0.9610766,,
0.78394926,,
0.590361,,
0.46236327,,
0.32948336,,
0.889174,,
2.1104734,,
2.3009005,,
2.415487,,
11.378374,,
22.078072,,
15.642197,,
14.569694,,
5.172985,,
5.625044,,
4.9369183,,
4.7532296,,
2.8181174,,
2.1719778,,
1.3070512,,
1.0463586,,
0.76681256,,
0.6183193,,
0.4917204,,
0.5475576,,
0.65052783,,
0.9823967,,
1.2285163,,
1.7931745,,
2.8325515,,
9.8335705,,
5.2479005,,
5.2267723,,
5.3938613,,
10.411518,,
9.173428,,
8.877636,,
5.533053,,
5.7604055,,
6.075671,,
5.486705,,
5.1404586,,
4.455148,,
3.9926887,,
3.419959,,
3.10388,,
2.6117501,,
2.4815817,,
1.4001076,,
1.8857646,,
0.4938724,,
0.49159223,,
0.53982687,,
1.2086351,,
1.2811594,,
1.341409,,
1.3250961,,
1.3117242,,
1.2885082,,
1.2727456,,
1.2166162,,
1.2883923,,
1.3616898,,
1.8118732,,
2.5362768,,
4.991426,,
6.955223,,
4.7064652,,
5.4148273,,
6.2068467,,
5.9314103,,
6.053272,,
5.900427,,
2.1563423,,
2.6013238,,
2.3329659,,
1.7198844,,
1.8619783,,
4.7013984,,
10.113442,,
6.361988,,
3.0181246,,
3.261973,,
3.9950848,,
4.459165,,
3.0041084,,
2.7857711,,
2.864569,,
2.9951031,,
3.0018792,,
3.0010276,,
3.0040593,,
2.9106565,,
2.9150772,,
2.842906,,
2.8950946,,
2.8223653,,
2.8349688,,
2.5609348,,
2.2856843,,
2.3015914,,
2.8963866,,
3.359295,,
3.294135,,
4.6100082,,
2.9765997,,
3.0060349,,
2.5032837,,
1.584409,,
1.443486,,
1.6963985,,
2.169788,,
2.2798293,,
2.3276467,,
2.6962404,,
2.654221,,
2.6117535,,
2.337231,,
2.3425035,,
2.3881655,,
2.4243858,,
2.408779,,
2.2494042,,
2.307748,,
2.2961087,,
0.9712646,,
0.86989367,,
0.8008441,,
1.0870647,,
1.1702199,,
1.5009508,,
1.9416599,,
2.2968907,,
2.732476,,
3.6656423,,
2.5404835,,
2.4420974,,
2.661521,,
1.401483,,
1.3297942,,
0.97141147,,
0.77672505,,
0.6463164,,
0.5590538,,
0.7283902,,
1.4010429,,
2.1955655,,
2.8061574,,
2.9973354,,
3.2498193,,
3.333024,,
3.321745,,
3.4719863,,
3.3385153,,
3.358584,,
3.3069968,,
3.2438846,,
3.1151385,,
2.8210452,,
2.7395716,,
2.6140182,,
2.4479492,,
2.238615,,
2.1503825,,
2.0626624,,
1.7935622,,
1.7407527,,
1.642019,,
1.6106365,,
1.5941529,,
1.5808287,,
1.580514,,
1.4121785,,
1.4718716,,
1.5157704,,
1.4401591,,
1.469851,,
1.4295795,,
1.4184377,,
1.4709563,,
1.4710157,,
1.4065759,,
1.5243144,,
1.6382005,,
1.6249266,,
1.6797867,,
1.752568,,
1.7122998,,
1.8100021,,
2.044941,,
3.7070804,,
6.288708,,
9.066405,,
7.6328115,,
8.363985,,
10.474333,,
9.412913,,
23.13632,,
3.401568,,
1.0652847,,
1.4580276,,
2.5496535,,
10.378317,,
9.246332,,
3.1109343,,
8.608642,,
9.705975,,
7.050542,,
6.441312,,
1.7589352,,
1.8844402,,
2.036049,,
1.4414535,,
3.3283525,,
3.0976067,,
3.4890962,,
3.398416,,
4.1850653,,
5.013234,,
3.206819,,
1.6509705,,
1.7729838,,
1.5139515,,
1.9313419,,
4.5169168,,
5.038995,,
5.005669,,
4.422989,,
3.532268,,
4.2063355,,
2.6855152,,
1.6262128,,
2.3441846,,
2.5645547,,
2.6601555,,
2.97106,,
1.0914679,,
0.9198185,,
0.9606159,,
1.1502368,,
0.50016546,,
0.2592229,,
0.10662204,,
0.114632726,,
-0.105888866,,
0.09813955,,
0.4355853,,
0.80378616,,
1.1177442,,
1.4629412,,
2.5812995,,
2.8757532,,
10.754523,,
22.872852,,
3.46459,,
3.5255756,,
8.610525,,
8.997528,,
3.5549803,,
1.8217108,,
1.5505209,,
0.30706295,,
0.27231115,,
0.35569298,,
0.29989344,,
0.33870926,,
0.68211174,,
1.5430701,,
1.6875789,,
1.4018729,,
1.2966604,,
3.9522772,,
4.9954777,,
5.208633,,
2.276745,,
2.272636,,
3.496673,,
4.2126207,,
1.542959,,
0.5814847,,
0.8613384,,
1.416461,,
1.5630693,,
1.2668595,,
1.3439033,,
1.3127136,,
1.3556008,,
1.3463256,,
1.325988,,
1.4445298,,
1.5434024,,
1.5543051,,
1.5927722,,
1.9375255,,
3.384653,,
0.80884695,,
0.5361023,,
0.39465833,,
0.29438627,,
0.19899818,,
0.046390668,,
0.30848208,,
0.44751847,,
0.45750552,,
0.44527456,,
0.8743279,,
2.4929452,,
3.263659,,
3.2436514,,
2.871269,,
3.1558528,,
3.1480217,,
3.0880342,,
3.4241586,,
3.8241105,,
2.569404,,
1.8729732,,
2.8882017,,
5.487278,,
1.2656035,,
0.5431639,,
0.3916062,,
1.5599439,,
3.3382545,,
9.608051,,
8.980495,,
7.542925,,
7.804019,,
7.694705,,
9.071888,,
7.27861,,
6.7382846,,
6.01396,,
5.898022,,
5.258823,,
4.818865,,
3.8227358,,
4.509277,,
6.4610524,,
5.806344,,
5.8300924,,
5.8910346,,
5.833969,,
5.391284,,
3.837573,,
3.6283622,,
1.081465,,
0.6171657,,
0.43621653,,
0.55248284,,
0.6897234,,
5.7359533,,
5.928096,,
6.044928,,
5.1060467,,
3.5242352,,
2.8608742,,
2.897259,,
3.381219,,
3.7276974,,
3.188426,,
3.147303,,
4.767196,,
4.4191713,,
3.8445501,,
5.0528207,,
8.226676,,
11.1693,,
3.051948,,
2.716497,,
2.7536592,,
2.6127057,,
2.5975192,,
2.6279194,,
2.863061,,
2.8198318,,
2.6513948,,
2.342455,,
2.183548,,
2.0813558,,
2.0907702,,
2.0985374,,
2.5113976,,
2.6936703,,
4.7858114,,
7.8894234,,
8.113776,,
9.574376,,
7.6543818,,
3.6288357,,
1.1842134,,
0.9483063,,
1.210521,,
1.1660025,,
1.1485021,,
2.159073,,
2.3475895,,
2.2826886,,
1.6973784,,
1.3721974,,
1.5005808,,
2.3439531,,
2.2415512,,
2.1633315,,
2.5561578,,
7.0996876,,
3.0592546,,
6.1430583,,
6.963022,,
2.9401505,,
1.8932307,,
2.3419008,,
2.169607,,
2.7854521,,
2.0598059,,
1.0060678,,
2.3645017,,
5.14896,,
4.2806187,,
5.521505,,
2.7502573,,
2.443982,,
2.497132,,
1.9001524,,
3.2523022,,
2.864933,,
3.078909,,
3.0422673,,
4.644109,,
4.2496576,,
2.8884375,,
3.7583227,,
4.9909763,,
5.694448,,
6.1713843,,
4.6312294,,
6.225108,,
6.378475,,
3.346868,,
1.9609332,,
3.1826096,,
3.2091079,,
4.0022426,,
4.5310817,,
4.248927,,
4.102636,,
4.4985495,,
4.69753,,
2.1702397,,
1.9495308,,
2.7457156,,
2.8686118,,
1.7555375,,
3.8647237,,
3.4697595,,
3.0939145,,
2.8781981,,
0.89494956,,
0.987805,,
1.5973179,,
1.6110976,,
1.5829678,,
1.4883153,,
1.5717411,,
1.5790052,,
1.4842055,,
1.6112177,,
1.5426748,,
1.6647561,,
1.2686439,,
1.2714725,,
0.9475943,,
1.02756,,
1.0417879,,
1.35761,,
0.9789661,,
1.2057142,,
1.1941462,,
0.9533955,,
0.90510786,,
0.874329,,
1.0906527,,
0.99579406,,
0.9791436,,
0.95447206,,
0.84297657,,
1.1070938,,
1.3082695,,
1.6347473,,
1.5226257,,
2.069687,,
2.0708146,,
4.556559,,
4.8947024,,
4.044458,,
10.5355015,,
13.309416,,
5.3747015,,
5.1019554,,
8.280585,,
4.7870307,,
3.0336218,,
2.4457517,,
2.2458062,,
1.9624281,,
0.7817669,,
0.5958966,,
0.40528616,,
0.32385996,,
0.3140403,,
0.26382777,,
0.33896938,,
1.5518675,,
3.2542453,,
5.1472335,,
5.4536777,,
8.923779,,
11.642182,,
7.7645597,,
2.3994334,,
2.9669235,,
2.8711407,,
3.2060347,,
3.9009957,,
1.047189,,
1.9777884,,
2.002222,,
1.2262983,,
0.7183869,,
0.43286312,,
0.3008145,,
0.6934415,,
0.7254834,,
0.7218065,,
1.0873208,,
1.3235765,,
1.4646611,,
1.3061225,,
2.05954,,
1.836276,,
2.1973076,,
4.641554,,
7.445257,,
8.90281,,
12.645932,,
4.276493,,
4.9080625,,
5.1216197,,
5.7723904,,
2.0053318,,
0.9991816,,
0.8738779,,
0.7309549,,
0.51092696,,
0.34576696,,
0.15625662,,
1.0364759,,
2.6095257,,
3.6561956,,
6.0043344,,
6.496182,,
7.7483425,,
4.6266446,,
4.2898984,,
3.6977415,,
3.331666,,
3.0557876,,
3.0393314,,
3.1527605,,
1.5074406,,
1.7871113,,
2.234812,,
2.5496447,,
2.743036,,
2.8276856,,
2.7250912,,
1.568753,,
1.4185784,,
1.7294495,,
0.92731714,,
0.81751466,,
0.9234153,,
1.2081499,,
4.3308716,,
4.369387,,
3.2443318,,
4.3027744,,
2.2541947,,
2.0610995,,
1.8999457,,
1.8012824,,
2.4558256,,
9.562039,,
4.151168,,
4.472995,,
5.75381,,
3.1151729,,
2.1981568,,
3.9392543,,
6.9960833,,
5.420192,,
5.85611,,
6.035457,,
4.9819145,,
5.0621467,,
3.1837897,,
2.751285,,
2.558454,,
2.157612,,
2.4886715,,
3.3367476,,
5.2141027,,
0.89237237,,
0.9285042,,
2.66922,,
2.615172,,
2.5683186,,
1.9327209,,
1.8906727,,
1.889524,,
2.6284187,,
2.9438488,,
2.8679838,,
4.8612003,,
4.8169527,,
4.5952845,,
7.896435,,
4.2861657,,
3.3626618,,
1.4504023,,
2.9179382,,
1.8776412,,
1.4041424,,
1.203196,,
1.4057078,,
2.6145713,,
1.1095338,,
1.353431,,
2.4914649,,
2.040496,,
1.8161342,,
3.7173805,,
2.6785157,,
4.4643526,,
4.390027,,
4.225788,,
2.4865134,,
3.6760564,,
2.6129317,,
0.95281637,,
0.8377178,,
1.8562942,,
1.4185286,,
0.77746356,,
1.1810548,,
2.6525848,,
3.4190469,,
4.4135156,,
6.34437,,
3.2861838,,
2.7983892,,
3.723517,,
4.0528917,,
3.422934,,
4.560342,,
3.405002,,
3.3296266,,
4.458638,,
3.2731843,,
2.919917,,
2.4462874,,
1.9934149,,
3.5469556,,
1.0402753,,
1.3942115,,
1.1973796,,
1.2780602,,
2.757946,,
3.0424585,,
3.6603103,,
2.8882096,,
2.927472,,
2.686921,,
2.594547,,
2.5226812,,
1.9093072,,
2.1295385,,
0.93331707,,
1.1075463,,
1.7084014,,
1.8892009,,
0.93383265,,
0.8171308,,
1.5474255,,
2.5596437,,
3.318067,,
0.6763706,,
0.64757407,,
0.77818334,,
0.7526618,,
0.7390549,,
0.7468238,,
2.2510288,,
3.360231,,
3.2223935,,
5.2466536,,
3.6109843,,
4.340989,,
2.5829213,,
3.5111566,,
5.377148,,
15.385252,,
15.111282,,
12.314947,,
4.7433586,,
4.2613807,,
0.9908154,,
0.9108341,,
0.8430846,,
0.7761866,,
0.5479518,,
0.459021,,
0.37866655,,
0.28578466,,
0.12810227,,
0.11097136,,
0.44783044,,
1.2039545,,
1.7442434,,
2.25967,,
2.4212966,,
2.2729518,,
3.267685,,
4.1083694,,
4.037065,,
3.8316278,,
3.3792,,
3.1989164,,
2.969299,,
2.9176228,,
3.8808012,,
2.78214,,
3.3883858,,
7.9072504,,
11.827471,,
3.5889149,,
4.984089,,
6.6722965,,
13.963757,,
5.9281597,,
7.7801285,,
10.092869,,
6.5384507,,
9.821406,,
10.150703,,
10.552623,,
10.581851,,
4.8021383,,
6.5432563,,
5.6713047,,
4.648547,,
4.516497,,
4.8217745,,
4.764302,,
4.701929,,
3.849853,,
3.6480112,,
5.015095,,
4.7457457,,
5.9514794,,
5.434268,,
5.5462284,,
6.425367,,
6.2094407,,
6.407748,,
5.9658427,,
6.114718,,
4.3688726,,
3.4498682,,
8.401426,,
7.040534,,
5.124445,,
3.3483696,,
6.023985,,
4.332726,,
5.188541,,
5.291081,,
6.754419,,
4.9959674,,
4.7022696,,
4.8800054,,
5.1850486,,
5.533737,,
4.1702285,,
4.220677,,
5.2335434,,
3.7687025,,
3.884286,,
6.036144,,
4.625679,,
5.6543765,,
4.293973,,
5.598586,,
6.21384,,
5.96507,,
6.681853,,
6.6191363,,
6.620906,,
7.1649675,,
6.99619,,
7.0419855,,
4.9847302,,
3.1808405,,
3.1742306,,
1.9112275,,
1.1172395,,
1.8122404,,
0.64556956,,
0.74544024,,
0.72282743,,
0.5247798,,
0.35617805,,
0.1591996,,
0.07888666,,
0.09015164,,
0.035067264,,
0.03489482,,
0.48477593,,
0.8344307,,
1.0279245,,
1.1508844,,
1.1858814,,
1.1957233,,
1.315706,,
1.3900607,,
0.9951469,,
0.9282621,,
7.604787,,
10.5271015,,
9.712886,,
3.3746958,,
3.612505,,
3.5038452,,
4.066467,,
3.8110676,,
3.0322394,,
2.3262508,,
2.8088152,,
2.026088,,
1.8662846,,
2.6495347,,
2.8009825,,
3.0613847,,
3.4277616,,
3.36377,,
3.452198,,
3.9199824,,
3.705567,,
4.1113653,,
2.7177763,,
2.3197973,,
2.3362951,,
1.6716197,,
2.615167,,
4.1630664,,
4.14465,,
5.8191266,,
2.7701604,,
5.1362114,,
6.333228,,
3.6137614,,
3.0813742,,
2.3807347,,
5.033165,,
2.931479,,
2.3630388,,
0.09784085,,
0.45612717,,
0.44788408,,
0.45784107,,
0.28646284,,
0.7686409,,
-0.09757562,,
0.23033156,,
-0.07007982,,
-0.09995163,,
-0.114140935,,
-0.12120827,,
-0.111253045,,
-0.08487383,,
0.08005733,,
0.2481744,,
0.16858582,,
0.67544675,,
1.6518583,,
2.5314717,,
2.9073668,,
2.8550582,,
2.766422,,
2.6642334,,
2.5156682,,
2.2186089,,
2.1245182,,
2.3279626,,
2.4779277,,
2.9921565,,
3.2672467,,
3.9901977,,
4.6878524,,
7.9367456,,
6.0114627,,
7.2334414,,
28.783308,,
2.0566807,,
7.5295477,,
3.7508593,,
4.3623753,,
4.3276486,,
5.163967,,
4.2014236,,
6.159137,,
1.2755587,,
2.7943053,,
12.393302,,
2.6924286,,
2.9945612,,
3.4601583,,
2.9707823,,
6.1718864,,
8.468501,,
4.0794277,,
3.8647504,,
1.0279338,,
0.85946596,,
0.24516484,,
0.13344118,,
-0.04894796,,
0.3866765,,
0.15396942,,
0.3682651,,
0.7721659,,
1.5545492,,
1.6071229,,
0.8049233,,
1.4187412,,
0.40992746,,
0.32263362,,
0.36735874,,
0.45193762,,
0.32129025,,
0.84697413,,
1.5473905,,
2.3746831,,
2.8310943,,
3.2151222,,
3.6143627,,
3.8427262,,
3.9644566,,
4.2381716,,
4.4386864,,
4.232829,,
4.545409,,
4.675079,,
4.627421,,
4.303052,,
4.275117,,
4.3142056,,
4.1726446,,
2.928884,,
4.2833295,,
6.3941035,,
5.924486,,
4.953585,,
4.1878386,,
3.508977,,
2.6750395,,
4.9931297,,
3.6552992,,
3.2880826,,
5.636055,,
9.733679,,
7.351837,,
5.572927,,
0.3258387,,
0.029988728,,
1.4293506,,
3.4307323,,
8.670969,,
20.956833,,
10.995426,,
6.098195,,
5.304601,,
2.166193,,
2.0150542,,
1.5519683,,
1.5676143,,
1.3794575,,
1.2449486,,
1.0574582,,
1.1474314,,
1.4574904,,
2.7098432,,
2.0317504,,
2.0764933,,
1.1700606,,
1.3525424,,
0.97896576,,
2.3413806,,
2.044463,,
1.6868443,,
1.6314206,,
1.5264378,,
1.2242475,,
1.222641,,
1.2634437,,
1.2981265,,
1.3524389,,
1.3224878,,
1.3289115,,
1.3943713,,
1.5157301,,
1.4218938,,
1.2816782,,
1.3651059,,
0.9056461,,
0.92151797,,
0.94734716,,
1.2153294,,
1.2023497,,
0.896255,,
2.1131968,,
6.289863,,
5.6289787,,
10.951604,,
4.325625,,
5.0577087,,
4.7424936,,
4.6164865,,
4.463112,,
2.4963455,,
1.9154947,,
1.8333237,,
2.0840414,,
2.107847,,
2.156314,,
2.362951,,
2.4689758,,
3.3448305,,
2.9485126,,
6.8160534,,
5.9969964,,
6.3254895,,
4.924825,,
5.356625,,
6.1298776,,
7.1627703,,
7.033456,,
6.087853,,
5.689257,,
5.29457,,
5.701913,,
5.3595724,,
5.592509,,
8.843143,,
5.5180087,,
5.847539,,
7.2248325,,
6.241173,,
2.3044465,,
1.392376,,
3.5636735,,
3.9731102,,
3.5662227,,
3.3875637,,
3.3317933,,
2.6467278,,
2.28307,,
2.2061377,,
2.0131764,,
1.7217124,,
1.3777933,,
1.6514049,,
0.5675608,,
0.45072594,,
0.47011164,,
0.53059244,,
0.49097204,,
0.6533179,,
1.1205223,,
1.0965371,,
1.0864191,,
0.992957,,
4.918396,,
3.5095844,,
2.272043,,
7.158181,,
3.7422004,,
3.5657706,,
3.609397,,
3.7631145,,
3.4862509,,
3.9963365,,
3.876923,,
3.9305868,,
3.8312936,,
3.9069324,,
3.9579225,,
4.037456,,
2.8456628,,
2.1476722,,
2.1185164,,
2.1368911,,
2.1205122,,
2.1124325,,
1.9753494,,
2.4126525,,
2.5807924,,
2.7031107,,
2.6860685,,
2.473105,,
2.4553256,,
2.549219,,
2.6716173,,
2.6782117,,
2.7350392,,
2.7903721,,
3.0405693,,
1.3965809,,
0.9824538,,
0.9275824,,
0.9589267,,
1.0306394,,
0.7458602,,
1.6439707,,
1.3248591,,
1.8116105,,
1.5109575,,
1.4875495,,
1.3663988,,
1.3133173,,
1.5316069,,
1.3986442,,
1.338939,,
1.407656,,
1.351017,,
1.5001009,,
1.5444875,,
1.5787673,,
1.7033894,,
1.780817,,
1.7754774,,
2.368101,,
3.5430975,,
3.3481402,,
2.5011182,,
2.630437,,
2.5495262,,
2.5344906,,
2.5062706,,
2.40495,,
2.4452815,,
2.408757,,
2.5831306,,
2.5164015,,
2.492713,,
2.412966,,
2.4479964,,
2.4455674,,
2.3414161,,
2.2927442,,
2.287688,,
2.373918,,
2.4826167,,
2.4193032,,
2.400434,,
2.4232605,,
2.3408277,,
2.6938758,,
2.9694595,,
2.816831,,
2.8278399,,
2.7490284,,
2.6133626,,
2.7696557,,
2.7847707,,
2.6714983,,
2.766463,,
2.7260182,,
3.636156,,
3.2162876,,
3.0258598,,
2.89244,,
2.8047543,,
2.6282265,,
2.7725608,,
2.6218343,,
2.6788862,,
2.5580003,,
2.5980763,,
2.9691064,,
2.9758708,,
2.752811,,
2.5693924,,
2.502104,,
1.9743416,,
1.2540615,,
1.4029126,,
1.3906462,,
1.4321897,,
1.4750891,,
1.5075881,,
1.5039771,,
1.5018063,,
1.5213201,,
1.4786124,,
1.555799,,
1.5303638,,
1.4732699,,
1.481077,,
1.4931002,,
1.4847171,,
1.5288494,,
1.5187168,,
1.5334468,,
1.5962241,,
1.4909296,,
1.6153302,,
1.6351902,,
1.6299672,,
2.5213006,,
2.2893102,,
2.2092364,,
2.4963083,,
6.4937124,,
11.26481,,
9.944751,,
8.4913,,
7.894579,,
7.2449884,,
3.80584,,
2.759008,,
2.9058812,,
1.6989627,,
1.1483247,,
0.9300784,,
0.22058426,,
0.6929263,,
0.6282915,,
0.5356988,,
0.7936046,,
1.1401048,,
1.3041153,,
1.2446222,,
1.0433369,,
0.8661256,,
0.68642294,,
0.49559137,,
0.68742454,,
0.78803897,,
0.75561273,,
0.734856,,
0.7115178,,
0.7114558,,
0.77371895,,
0.86194015,,
0.99216473,,
0.9989263,,
1.089076,,
1.1688232,,
1.2004225,,
1.8682511,,
1.9861276,,
1.978874,,
2.3240037,,
2.278853,,
2.5671656,,
1.532073,,
2.802861,,
2.5350788,,
2.229695,,
2.6705194,,
2.7091484,,
3.2886887,,
8.688486,,
12.236722,,
11.719265,,
5.8503776,,
6.309129,,
1.9216254,,
1.808603,,
1.3661282,,
1.5358956,,
1.3494833,,
1.2830255,,
1.1853564,,
0.7193568,,
0.4631011,,
0.7611649,,
2.4825606,,
2.6146321,,
2.6376188,,
2.5275562,,
2.3917258,,
2.4134576,,
2.9100533,,
9.858798,,
8.544895,,
8.549211,,
8.176774,,
8.846565,,
6.891454,,
6.887128,,
4.0049396,,
4.525612,,
5.3314013,,
2.8960154,,
1.6963854,,
2.1829298,,
2.1937854,,
0.9037796,,
0.74666464,,
0.6463603,,
0.76356256,,
0.8679304,,
1.4688096,,
6.1731877,,
5.7711573,,
3.8450637,,
4.905179,,
4.4129977,,
2.2878797,,
1.8548815,,
1.6490531,,
1.5820701,,
1.5370703,,
1.6406231,,
1.6442249,,
1.7686324,,
1.7377489,,
1.9252136,,
1.9859679,,
2.031513,,
2.019306,,
2.1423724,,
2.272982,,
2.3144546,,
2.3286827,,
2.3117588,,
2.339837,,
2.3360934,,
2.420899,,
2.368175,,
2.3545628,,
2.3399158,,
2.3080356,,
2.3042893,,
2.2341473,,
2.2630298,,
2.7478826,,
1.2748613,,
1.2659228,,
1.2569835,,
1.1395187,,
1.2971234,,
1.3318644,,
1.5422168,,
1.4314151,,
2.5654557,,
2.3235397,,
2.5263798,,
3.4301066,,
2.8873754,,
2.5957046,,
5.1526933,,
8.249147,,
5.8439236,,
2.6950011,,
1.4613354,,
1.4184949,,
1.1739347,,
1.2120211,,
1.2427971,,
1.297586,,
2.365437,,
0.7774886,,
0.58958125,,
0.4724272,,
0.39923427,,
0.21879572,,
0.6484492,,
0.8316308,,
0.8271345,,
2.6185415,,
2.8622382,,
4.550416,,
3.396823,,
2.0158978,,
1.9964378,,
1.6526501,,
1.4523649,,
1.6894939,,
1.7693408,,
1.8579974,,
1.9879205,,
2.0438173,,
2.334178,,
2.2483668,,
2.4023755,,
2.5637648,,
2.6148655,,
2.6322339,,
2.6732821,,
2.7777984,,
2.8924015,,
2.9118907,,
2.8980434,,
2.902028,,
2.9295542,,
2.8620133,,
2.9839196,,
2.8917615,,
2.886543,,
2.8233867,,
2.7502408,,
2.7221975,,
2.576299,,
2.562816,,
2.5273135,,
2.4001694,,
2.3478549,,
2.4206884,,
2.2624767,,
2.238042,,
2.2445261,,
2.3004425,,
2.2746692,,
2.1913402,,
2.2138662,,
2.2767894,,
2.2811491,,
1.4071317,,
1.5250702,,
1.5639784,,
1.483336,,
2.397922,,
2.4646294,,
2.4489827,,
2.9217193,,
6.6818657,,
8.360082,,
7.9120016,,
6.115802,,
5.8698244,,
5.349475,,
5.1353626,,
4.960034,,
5.369131,,
5.6438026,,
5.328059,,
5.4379845,,
4.9880266,,
4.8540044,,
5.1760297,,
5.2718334,,
4.969168,,
4.7580023,,
4.5082126,,
4.555921,,
4.5519633,,
4.093252,,
1.8353565,,
1.3635986,,
1.8443131,,
2.3235435,,
0.89199233,,
0.8647599,,
0.92766225,,
1.0412619,,
2.7843926,,
6.6853685,,
7.1957464,,
4.9741564,,
4.2056417,,
5.981584,,
8.404646,,
8.112233,,
6.131673,,
4.2901497,,
4.6125975,,
2.8634999,,
1.8148954,,
1.5814576,,
1.2483375,,
1.3623731,,
0.8206035,,
0.8138375,,
0.90776753,,
0.8008431,,
0.5184356,,
0.75163686,,
2.4387753,,
2.6504126,,
2.8594196,,
2.6495829,,
6.5698066,,
4.272897,,
3.1812096,,
2.477174,,
3.9200125,,
3.79493,,
3.489246,,
3.6992855,,
5.254813,,
3.0196395,,
1.4546773,,
3.5022197,,
2.8694055,,
2.5688286,,
2.3745255,,
1.3082213,,
1.4631274,,
2.1952903,,
1.8621264,,
2.0073884,,
2.3732235,,
1.2664721,,
1.5804381,,
1.3231006,,
0.88031435,,
0.6188626,,
1.1493435,,
2.1668541,,
1.921124,,
1.6130033,,
1.4835515,,
1.6318786,,
1.427201,,
1.2042291,,
1.1698596,,
1.2120504,,
1.2331674,,
1.2161107,,
1.4973447,,
0.8567456,,
1.3137436,,
0.9081657,,
1.0779734,,
0.62174714,,
0.6726357,,
1.1901903,,
2.0306618,,
1.5263073,,
2.376771,,
11.233339,,
12.314423,,
7.9445276,,
7.8462877,,
7.702922,,
7.7216396,,
5.612482,,
4.7939763,,
4.8190165,,
5.123556,,
5.0514336,,
5.014645,,
5.085635,,
4.7243934,,
3.8756814,,
2.319492,,
1.5663726,,
1.4588628,,
1.4407377,,
2.2884219,,
0.8409989,,
1.6792936,,
2.8614297,,
7.5480413,,
9.655914,,
9.408957,,
3.5964837,,
6.7180443,,
6.86846,,
4.0137515,,
3.7255774,,
8.001696,,
7.0212364,,
6.2994294,,
5.935115,,
5.3709497,,
4.8223777,,
4.6929393,,
4.698159,,
4.7276764,,
5.0107636,,
5.670591,,
6.2693563,,
4.592579,,
4.382698,,
3.886703,,
3.517293,,
3.8310204,,
2.6444006,,
2.6979213,,
1.8925743,,
3.5794282,,
3.1154814,,
3.2365937,,
3.15562,,
3.1794791,,
2.7823603,,
2.430229,,
2.2900925,,
3.1958003,,
3.2890081,,
2.924328,,
2.7866151,,
2.301765,,
2.2242937,,
3.070332,,
3.3846092,,
3.4557753,,
3.8469892,,
4.0885305,,
4.068657,,
4.315716,,
4.5042486,,
5.469206,,
4.2275195,,
2.0358195,,
2.3164687,,
1.872632,,
2.5440507,,
4.742723,,
2.6094878,,
3.395352,,
4.4981523,,
2.9839306,,
2.6321733,,
3.204873,,
3.7127366,,
2.142363,,
1.7665918,,
1.1997154,,
1.2530468,,
1.8273668,,
2.7962458,,
2.6966286,,
2.5954309,,
3.1468787,,
2.4052844,,
3.3274746,,
2.9230165,,
2.9080436,,
2.8654246,,
2.971161,,
3.045978,,
2.7274878,,
2.5140326,,
2.4723883,,
2.3467448,,
2.2998424,,
1.851124,,
1.9349377,,
2.1830747,,
2.3281033,,
2.2679698,,
2.4912276,,
2.436743,,
2.391345,,
2.1859934,,
3.5573359,,
2.38974,,
2.8354716,,
3.2854,,
2.7954452,,
3.968607,,
3.9234958,,
1.9748628,,
1.1294127,,
1.2123735,,
2.2723882,,
2.0964656,,
1.5925868,,
1.5218856,,
2.3986886,,
2.5384438,,
2.9013495,,
2.723644,,
4.0500054,,
3.9508786,,
4.9396443,,
5.622267,,
5.9435143,,
5.6538744,,
3.407989,,
2.2122836,,
2.6413412,,
2.7684565,,
2.0137196,,
1.9288459,,
2.7608812,,
2.1479292,,
2.498019,,
2.568596,,
2.3673735,,
2.1078382,,
2.5942438,,
3.2176404,,
3.8438163,,
4.3297143,,
4.3126354,,
4.3289165,,
3.479055,,
3.4773083,,
3.08397,,
2.6898031,,
1.4964983,,
1.5397937,,
1.3801389,,
1.1126661,,
1.0287094,,
1.1479509,,
1.6213076,,
1.96964,,
1.7327507,,
2.5340655,,
2.7852418,,
2.8472545,,
2.3664515,,
2.4665654,,
2.5412593,,
2.6752782,,
2.8262627,,
2.8803115,,
3.8869133,,
1.2811043,,
3.518498,,
8.204752,,
2.4641495,,
4.124885,,
3.5018783,,
3.6019049,,
1.8028574,,
3.219099,,
3.5602598,,
3.1997695,,
3.1521626,,
3.7276402,,
4.1785307,,
4.1154904,,
1.8087573,,
2.6319282,,
2.9175794,,
2.681422,,
2.4596643,,
2.372964,,
3.0209203,,
1.7068987,,
1.6620765,,
2.4595847,,
2.1368825,,
3.4562712,,
2.593144,,
3.5031438,,
2.1369517,,
1.9733992,,
2.8320742,,
1.9842262,,
1.6829431,,
1.5441706,,
5.7379317,,
4.305198,,
4.374973,,
4.4572277,,
4.5448976,,
3.046719,,
4.9930067,,
4.1986685,,
3.152916,,
4.165477,,
1.8631794,,
1.3347285,,
1.8988035,,
2.5187662,,
2.3876126,,
1.8166378,,
1.8512235,,
1.9276223,,
1.2883914,,
1.3843088,,
1.3220553,,
1.9758193,,
3.5710955,,
7.1370926,,
5.44513,,
9.841717,,
10.05752,,
6.3435225,,
3.7062807,,
7.2015305,,
7.6431837,,
6.3422174,,
5.742831,,
3.8592453,,
3.1333408,,
2.922881,,
2.116987,,
2.8060982,,
1.7973514,,
2.6624472,,
2.3197482,,
3.355214,,
3.9507523,,
1.8344698,,
3.0804167,,
3.559319,,
3.9114218,,
2.219158,,
1.845309,,
3.9747715,,
4.1531134,,
3.2070298,,
4.5194507,,
6.4788213,,
4.5932183,,
2.5684874,,
3.129138,,
2.9133348,,
2.4286792,,
2.391057,,
2.3283708,,
3.5186563,,
1.6427462,,
1.379859,,
1.5089567,,
1.6111071,,
3.1048346,,
3.2382631,,
3.517088,,
3.3638935,,
3.2017455,,
3.1262188,,
2.9347963,,
3.1500764,,
3.2103405,,
3.3108249,,
3.9840312,,
3.693654,,
5.2917476,,
3.6134453,,
3.6765924,,
3.3386626,,
5.0644054,,
3.1233616,,
3.3153853,,
3.7290225,,
3.749816,,
4.174564,,
4.1860347,,
1.7699451,,
2.2625406,,
1.260196,,
1.0032525,,
0.8171345,,
0.7706821,,
0.5802188,,
1.1836274,,
1.5063567,,
1.8385842,,
3.5691895,,
3.6882558,,
3.1468759,,
4.3982034,,
7.6776056,,
5.821313,,
5.9152884,,
6.3742743,,
6.124896,,
3.3146615,,
3.405456,,
2.9403257,,
2.3671875,,
1.8657117,,
1.8380427,,
1.8370206,,
2.1896524,,
1.9023247,,
1.4391418,,
1.3533063,,
1.435216,,
1.2602704,,
2.340201,,
4.6865535,,
3.0384164,,
2.8596597,,
2.692055,,
2.7070558,,
4.1817546,,
1.5131671,,
1.531187,,
2.3350787,,
4.233826,,
3.9514346,,
1.6762664,,
1.4447055,,
1.0009365,,
0.8833519,,
0.8283272,,
0.8254669,,
0.7842933,,
0.7654084,,
0.65187156,,
1.5148883,,
2.7717397,,
3.6713967,,
2.7853222,,
2.8371656,,
3.00801,,
2.8983545,,
2.7786806,,
3.2721777,,
3.8869352,,
9.565967,,
15.309101,,
13.541751,,
9.249503,,
7.445279,,
1.347614,,
0.7473166,,
0.69598746,,
0.4064684,,
0.25352785,,
0.2674059,,
0.24201198,,
0.2629111,,
1.2235904,,
2.9866803,,
11.363258,,
15.855476,,
19.297468,,
16.33775,,
14.928721,,
7.973199,,
1.2919586,,
8.509681,,
10.955397,,
11.368297,,
11.13099,,
9.691458,,
8.186627,,
7.58611,,
6.4973187,,
5.8245573,,
4.1353087,,
4.366058,,
4.073533,,
3.093052,,
2.0873659,,
1.0363617,,
1.072515,,
1.268867,,
1.9918799,,
2.3845098,,
2.4109476,,
7.8699884,,
4.676261,,
2.1169825,,
2.3727152,,
3.6741085,,
3.2827086,,
2.4421413,,
1.8019063,,
0.99434733,,
0.805879,,
0.62861264,,
0.5283973,,
0.48512563,,
0.5683696,,
0.56092775,,
0.81932974,,
0.5302272,,
0.44624037,,
0.40833607,,
0.41833535,,
1.239852,,
2.0532782,,
2.2493618,,
2.5309224,,
2.6195083,,
2.662996,,
2.7188957,,
1.6434,,
2.6725585,,
0.92962277,,
16.959534,,
6.923126,,
6.818305,,
7.4812164,,
7.5288887,,
9.01433,,
4.0178294,,
1.2019134,,
4.2793527,,
4.410254,,
5.2616663,,
4.22575,,
3.2306156,,
3.4279914,,
3.5451813,,
3.6395354,,
3.873829,,
2.9719212,,
6.100778,,
28.410133,,
35.32647,,
31.31863,,
17.645277,,
23.529613,,
19.541718,,
14.162913,,
55.758125,,
3.6063013,,
3.3898945,,
1.1751196,,
7.874254,,
30.137701,,
17.356192,,
12.961918,,
10.414261,,
8.721704,,
7.712881,,
6.697031,,
6.4328046,,
6.327964,,
7.042078,,
7.429448,,
8.050076,,
8.777879,,
8.982313,,
8.6681795,,
8.376505,,
7.894534,,
7.4375105,,
5.042611,,
5.2057314,,
4.06367,,
3.3080049,,
4.1928782,,
3.2497792,,
2.6114616,,
3.2314982,,
3.068554,,
2.9764543,,
2.990438,,
2.5103679,,
2.5883117,,
2.368267,,
1.6699347,,
1.5706453,,
2.1037436,,
2.2082517,,
2.7534246,,
2.835425,,
3.0223498,,
2.4981773,,
2.60355,,
2.6204782,,
2.7323127,,
2.3804545,,
1.7992208,,
1.8261268,,
1.7509625,,
1.6573448,,
1.5988255,,
1.5287435,,
1.2261572,,
1.1563861,,
1.1498005,,
1.0795839,,
2.778965,,
4.511432,,
3.6689029,,
4.2958775,,
12.306842,,
11.812967,,
8.400794,,
12.458666,,
7.76851,,
6.676452,,
7.5999575,,
6.6072073,,
7.2083693,,
5.024739,,
2.7193456,,
3.022797,,
2.9423165,,
2.6748111,,
2.48421,,
2.3556361,,
2.32298,,
2.4056652,,
2.748848,,
3.000885,,
3.0694761,,
2.9827087,,
3.3415027,,
3.0660076,,
3.265378,,
3.406817,,
3.1797614,,
3.0477648,,
2.7697303,,
2.9200966,,
1.9062304,,
1.3482885,,
1.1439664,,
1.0451968,,
0.97312427,,
0.7389296,,
1.7011611,,
3.0430713,,
3.57271,,
4.637401,,
3.7929287,,
3.193233,,
3.2790089,,
3.2175722,,
3.2559514,,
5.011811,,
2.0910938,,
2.5473878,,
2.5137906,,
2.4362895,,
1.8384705,,
2.0674403,,
2.1108012,,
2.056546,,
2.411354,,
2.0310924,,
1.8521285,,
2.1387572,,
2.6803613,,
2.0258183,,
2.7025137,,
3.6351542,,
4.0518227,,
5.2660127,,
7.4140253,,
2.5726566,,
2.3497782,,
3.249814,,
2.8873856,,
2.0652018,,
2.4933507,,
2.2894177,,
2.2009041,,
3.1977897,,
1.3613818,,
2.104453,,
2.9894402,,
2.7922451,,
2.848342,,
2.7291973,,
2.3746414,,
2.6683152,,
2.5320714,,
2.9792004,,
3.1939654,,
2.828268,,
2.6355262,,
2.4641426,,
2.5025196,,
2.3990004,,
2.2778635,,
2.103572,,
2.1171043,,
2.0993142,,
2.220183,,
2.0069668,,
2.4990456,,
2.1834445,,
3.2096782,,
1.8871295,,
3.0695148,,
2.0843494,,
1.6692476,,
2.6577268,,
7.175789,,
2.8661122,,
2.1308513,,
1.926898,,
3.7067914,,
3.0297403,,
2.4073594,,
3.0060472,,
1.9774976,,
2.4627242,,
2.6475203,,
3.6802993,,
2.812058,,
2.085937,,
1.869287,,
3.2396584,,
2.4353104,,
3.0973449,,
2.868679,,
1.953639,,
2.0760791,,
2.8504076,,
5.2822084,,
1.8827121,,
2.7806067,,
2.7812152,,
2.743354,,
1.6394055,,
2.2975702,,
2.5900466,,
2.3736944,,
2.4491742,,
1.83709,,
2.9880803,,
1.9313359,,
1.9057355,,
2.2141738,,
2.4556308,,
1.3828444,,
4.679322,,
2.7579458,,
2.3635406,,
1.4393396,,
4.694473,,
2.835291,,
4.399371,,
2.2477999,,
2.2890146,,
2.0724936,,
4.1664443,,
2.9605029,,
2.3581834,,
3.03082,,
2.6478074,,
2.332908,,
2.0889895,,
2.2509553,,
2.7211895,,
3.1594706,,
3.6602335,,
5.1820526,,
3.4444733,,
2.1788077,,
2.8109236,,
3.4956083,,
4.8843994,,
3.2063236,,
2.809125,,
2.7535205,,
1.863862,,
2.9292667,,
3.731721,,
2.2081041,,
3.9793305,,
2.5795252,,
1.6526661,,
2.4168425,,
2.256281,,
1.746031,,
1.8553929,,
2.6980116,,
2.931789,,
2.6201735,,
2.480054,,
2.5829945,,
2.29956,,
2.6443198,,
1.5076137,,
2.034849,,
2.2626972,,
2.8334801,,
2.4381807,,
3.6249084,,
5.4226174,,
2.6689453,,
2.2228234,,
2.6168716,,
2.3857818,,
2.389592,,
2.6571138,,
2.6355357,,
2.0556538,,
3.318841,,
1.1708848,,
4.5976715,,
5.21443,,
5.4436126,,
2.6139426,,
2.4839475,,
2.3463418,,
3.22442,,
2.4425788,,
2.8808398,,
2.1969728,,
2.330682,,
7.900238,,
1.7535543,,
1.9850385,,
2.32848,,
2.252188,,
2.2401955,,
2.168972,,
2.5424337,,
2.677677,,
2.1211238,,
2.6474886,,
2.5848606,,
2.544311,,
2.6165094,,
2.1233242,,
1.8232391,,
1.6478012,,
3.780806,,
2.0067441,,
2.510814,,
2.8703198,,
3.46146,,
3.7635713,,
5.3006134,,
2.6291487,,
2.552254,,
2.661646,,
2.5169222,,
3.0618062,,
2.3598275,,
2.5141625,,
2.1880336,,
1.4327414,,
1.2680919,,
1.8679414,,
2.2289248,,
2.9242775,,
3.2913804,,
2.9787488,,
2.5736763,,
2.7726882,,
3.0702348,,
2.507797,,
2.3411372,,
2.3520362,,
3.161766,,
2.4915435,,
2.6950772,,
2.7242143,,
3.8720016,,
2.559272,,
2.1404397,,
2.552718,,
3.095859,,
2.2850304,,
2.3187222,,
2.3595507,,
2.2567973,,
2.2803597,,
2.4796672,,
3.1315389,,
2.2211318,,
2.4068818,,
2.6882634,,
2.994882,,
3.1927032,,
3.5581522,,
3.8193846,,
3.617495,,
2.4827163,,
3.9648209,,
4.3885393,,
4.354483,,
4.4676805,,
5.420006,,
1.7273793,,
1.6011345,,
1.7654805,,
1.478296,,
1.6506951,,
1.9801967,,
2.07769,,
2.1656885,,
2.3612216,,
2.5603821,,
2.4569592,,
2.5420206,,
3.1984406,,
2.9918044,,
3.3254504,,
2.9707973,,
3.1083665,,
2.647867,,
3.9521523,,
1.9808259,,
1.7636926,,
1.5258653,,
1.329731,,
1.1085777,,
1.1025786,,
1.0561938,,
1.0869946,,
1.7287781,,
5.242322,,
7.1868153,,
19.33568,,
2.1169372,,
3.3424382,,
6.0313597,,
8.173311,,
8.2932415,,
3.300168,,
7.605727,,
5.9752855,,
5.363721,,
4.768495,,
3.9777713,,
3.3449306,,
3.2519765,,
2.3087928,,
2.9545672,,
1.4889526,,
1.7290382,,
2.3528852,,
2.470942,,
2.8877437,,
3.0392804,,
3.082872,,
3.1939769,,
3.2745304,,
3.622148,,
4.2541814,,
2.688169,,
2.4789667,,
3.3019423,,
2.3904855,,
1.4188039,,
2.525811,,
2.7497213,,
2.3325348,,
2.333962,,
2.4435954,,
2.4300451,,
2.4513946,,
2.672024,,
2.749008,,
2.8876493,,
4.6570296,,
2.6146946,,
2.2571228,,
2.9350288,,
2.6682193,,
2.570988,,
2.5789082,,
2.349807,,
2.5936935,,
2.395575,,
2.4907486,,
2.4454038,,
2.309465,,
2.211925,,
1.7816958,,
2.2259152,,
2.3690734,,
2.4679835,,
2.4445107,,
2.7718225,,
2.6558623,,
2.3262222,,
2.1443198,,
2.1174188,,
2.4824336,,
2.6387303,,
2.1618788,,
2.6307356,,
3.5773287,,
2.5979996,,
2.9863348,,
3.299159,,
1.7366152,,
2.5433347,,
2.6884117,,
2.4823916,,
2.8620603,,
1.5540454,,
2.2843354,,
2.2378116,,
2.4759398,,
2.506809,,
2.6201916,,
2.6083748,,
2.7624905,,
2.8690684,,
2.857409,,
2.9482975,,
2.814983,,
2.967071,,
3.0654125,,
2.7529411,,
2.5874107,,
2.4891477,,
2.5149603,,
2.5388336,,
2.5666294,,
1.3926079,,
5.124861,,
5.224311,,
3.9980469,,
4.143533,,
2.682622,,
2.1609137,,
1.7757306,,
1.20522,,
1.0313597,,
1.1559286,,
1.772356,,
2.3865378,,
2.8450706,,
2.7581987,,
3.0815234,,
2.8052845,,
3.5409913,,
6.6043115,,
6.7947383,,
5.2337894,,
3.9042783,,
4.3828077,,
3.2582493,,
3.6776595,,
2.758429,,
3.2837548,,
1.9270992,,
2.9001136,,
2.5515983,,
2.4027336,,
2.3036,,
2.3968961,,
2.448292,,
1.671587,,
1.8074157,,
2.003484,,
3.119855,,
2.9675732,,
2.6720748,,
4.17517,,
2.9838402,,
2.8727005,,
2.7754042,,
2.7365992,,
2.7418869,,
3.4557443,,
1.6572542,,
2.931494,,
2.5124526,,
2.3093257,,
2.6370807,,
2.1731777,,
3.4289227,,
2.4295745,,
1.9103522,,
1.6788492,,
3.2663012,,
3.7682319,,
2.043951,,
2.34791,,
2.9001508,,
2.6392214,,
4.003935,,
4.3562202,,
5.318948,,
5.4907947,,
5.3824086,,
6.147035,,
6.131876,,
6.0079055,,
5.493319,,
3.2915168,,
4.016184,,
3.3956246,,
2.6893132,,
1.5188422,,
1.0487018,,
1.0407226,,
2.3796914,,
2.7158375,,
2.2418816,,
2.331624,,
2.3922575,,
2.7384725,,
3.1815767,,
3.4476876,,
4.0235834,,
3.9128308,,
4.266114,,
4.0926824,,
2.4221065,,
2.826843,,
3.0902839,,
2.950693,,
1.4563174,,
4.262922,,
4.9780655,,
5.3080297,,
6.09525,,
6.4961677,,
6.755905,,
3.5706735,,
4.573768,,
4.9799047,,
3.0985265,,
4.1310267,,
1.652106,,
1.6906254,,
1.559911,,
1.4342573,,
1.0565271,,
1.0943375,,
1.6509261,,
1.6919079,,
1.6565261,,
1.8678515,,
1.5096927,,
1.4791517,,
1.8305616,,
2.835082,,
2.7289429,,
2.69454,,
2.6715078,,
2.781863,,
2.6425998,,
2.690434,,
2.9423497,,
3.5123982,,
3.763688,,
3.2416577,,
14.535187,,
4.506078,,
3.9368458,,
3.8210177,,
3.5772657,,
3.394013,,
4.0681186,,
1.7243657,,
1.7089162,,
1.5469201,,
1.472136,,
1.2337639,,
1.1882756,,
0.9331776,,
0.7491342,,
0.60800624,,
0.5045662,,
0.45596913,,
0.4219652,,
0.29867223,,
0.44765615,,
2.088579,,
2.4640355,,
7.960188,,
22.477339,,
21.07219,,
20.684826,,
17.544056,,
15.445465,,
14.160521,,
12.34525,,
10.529702,,
8.173191,,
7.3216887,,
5.9182286,,
5.528678,,
3.4733353,,
2.5792897,,
4.520546,,
3.3004556,,
4.5795846,,
2.9664085,,
7.0307217,,
3.346312,,
5.353849,,
7.5559416,,
7.4456816,,
5.4166665,,
6.551624,,
6.0215125,,
3.9999347,,
3.7454438,,
3.5387473,,
3.4005299,,
2.9028623,,
1.685827,,
2.8827703,,
0.6954806,,
1.4884429,,
2.479385,,
2.8486962,,
3.9087849,,
3.778658,,
3.829554,,
3.6861205,,
3.2441096,,
3.4527931,,
4.0667653,,
8.885128,,
5.1459913,,
4.2250624,,
4.826898,,
3.788979,,
3.536251,,
2.5454452,,
1.4636011,,
1.0895183,,
0.68105865,,
0.6667429,,
0.36304992,,
0.38554853,,
1.2543604,,
1.8168924,,
1.84845,,
1.7241609,,
1.1973097,,
1.5657327,,
3.7441936,,
4.387022,,
4.64395,,
4.9599557,,
7.316348,,
6.6754727,,
5.6516623,,
4.711302,,
4.9697866,,
4.990212,,
4.9407926,,
4.641577,,
6.3302684,,
3.682043,,
3.3237853,,
3.078587,,
3.3145542,,
3.3391676,,
4.2528696,,
4.222729,,
6.6632714,,
2.8622758,,
3.9462905,,
4.9163084,,
5.2838793,,
5.2880626,,
4.659114,,
4.6744714,,
5.3380346,,
5.0395327,,
4.8856916,,
4.909466,,
4.5791736,,
4.0436544,,
4.0991025,,
3.840609,,
3.6073494,,
3.536655,,
3.3303328,,
3.117383,,
3.4415612,,
2.705829,,
2.7469401,,
2.4770296,,
2.9871137,,
3.08599,,
3.2384353,,
3.4373384,,
3.5317392,,
3.4336128,,
3.2732797,,
3.4209714,,
3.9037147,,
3.3885212,,
3.5261335,,
3.5745373,,
3.6307302,,
4.584017,,
4.065524,,
4.08234,,
3.8504658,,
3.9275928,,
4.0555763,,
4.1467996,,
4.221977,,
4.1887364,,
4.109936,,
4.190199,,
4.4106307,,
4.837041,,
6.6512074,,
6.1828895,,
6.6926994,,
4.689513,,
4.3230577,,
3.7376585,,
3.7138634,,
3.579278,,
3.4584103,,
3.9496655,,
4.8128986,,
1.8690839,,
0.84866905,,
0.72548866,,
1.0175021,,
1.4717865,,
1.6778758,,
1.9205773,,
2.7045176,,
3.311306,,
3.7858367,,
3.5997586,,
3.3521905,,
3.308435,,
3.2829385,,
6.5250225,,
3.8313413,,
3.6540017,,
3.7773423,,
3.4328165,,
2.4452708,,
2.472007,,
2.6320052,,
2.3904135,,
4.0377607,,
1.1967621,,
0.6140797,,
1.26477,,
1.9280984,,
1.8891926,,
1.748352,,
1.6278961,,
3.152522,,
3.7711387,,
2.5672443,,
2.171679,,
2.7673273,,
2.8189385,,
3.2674546,,
3.8346128,,
3.7016845,,
3.4128718,,
3.5088797,,
3.6395817,,
3.424909,,
3.2472405,,
3.0899582,,
2.9400373,,
2.7206583,,
2.7077804,,
3.0421653,,
2.4399261,,
2.668773,,
2.5253694,,
2.876878,,
2.991399,,
3.5300136,,
6.6577334,,
3.5335135,,
4.6004777,,
4.5368557,,
4.1451902,,
3.943708,,
3.426106,,
3.439599,,
3.3503518,,
3.1592808,,
2.962286,,
2.3601823,,
2.8293598,,
2.5588992,,
4.7089624,,
1.6710367,,
1.4070721,,
1.4228587,,
1.45226,,
3.1812153,,
2.8316517,,
2.8824394,,
2.9873838,,
3.0944738,,
4.2554502,,
3.5778542,,
3.5139694,,
3.3239913,,
3.9004965,,
3.7534184,,
3.7320232,,
3.617639,,
3.8906302,,
3.8666754,,
4.554763,,
3.9837856,,
3.421784,,
3.4411569,,
3.457508,,
3.1508107,,
3.3664532,,
2.9151387,,
3.249167,,
3.081551,,
3.3708863,,
3.7000828,,
3.4578724,,
3.9842944,,
3.7966228,,
3.7122707,,
4.0365143,,
4.1266403,,
4.309034,,
4.775396,,
4.519363,,
4.502872,,
4.1790795,,
3.7147403,,
3.7364683,,
3.5158033,,
3.238864,,
1.729928,,
2.2259927,,
1.9644248,,
2.3558214,,
2.2052486,,
2.4533489,,
1.9817381,,
2.2203574,,
2.6501324,,
3.0312114,,
3.0890322,,
1.9885037,,
1.6033812,,
2.608109,,
4.486967,,
4.364872,,
4.067699,,
4.041158,,
4.01456,,
4.7037315,,
4.2846746,,
4.5161633,,
4.84751,,
4.609512,,
3.7699952,,
3.1694317,,
2.5704052,,
2.5101843,,
2.6019511,,
2.289225,,
3.0169044,,
2.4242294,,
2.94906,,
2.059661,,
2.2933445,,
3.306264,,
2.4396932,,
2.6574814,,
2.6198971,,
2.8236036,,
2.8048408,,
2.8661587,,
1.7823293,,
3.771531,,
6.0809636,,
4.378335,,
3.6837792,,
3.3011274,,
3.5155249,,
3.7166233,,
3.0167813,,
2.9843628,,
2.8777635,,
2.666965,,
2.6567538,,
2.3190272,,
2.9861557,,
2.4022796,,
2.0669334,,
2.2583895,,
2.2319207,,
2.497318,,
2.632193,,
2.8097825,,
1.8020539,,
1.8386683,,
1.8388579,,
3.307736,,
3.8198586,,
2.3043013,,
2.7550783,,
3.146677,,
6.6501384,,
6.168688,,
3.0682893,,
4.119629,,
3.421996,,
3.122655,,
3.3202863,,
2.3247888,,
2.036173,,
2.0979464,,
2.4992626,,
2.716887,,
2.9896502,,
3.387103,,
3.3559246,,
3.801875,,
2.463694,,
2.0328948,,
1.4127555,,
0.99474275,,
0.89693034,,
0.9143604,,
0.99189794,,
0.6990197,,
2.028926,,
3.5911741,,
4.0293727,,
3.027491,,
2.5879438,,
2.5421774,,
2.2715807,,
2.3729742,,
2.5406766,,
3.9981184,,
4.9819436,,
2.629109,,
3.451591,,
2.8954265,,
2.5512528,,
2.6891315,,
1.8170412,,
2.3472323,,
1.7132354,,
2.166508,,
2.2790782,,
2.2432654,,
2.3050208,,
2.4779098,,
2.690855,,
2.913661,,
2.9341621,,
2.8130388,,
3.4809675,,
3.7053237,,
2.775048,,
2.8449097,,
2.9753263,,
4.594389,,
1.9420474,,
2.5693638,,
2.7251558,,
2.3871002,,
2.3721592,,
2.700656,,
1.99471,,
1.983702,,
2.2265875,,
2.3888717,,
2.7053416,,
2.2036393,,
2.7495,,
3.2999463,,
3.0246353,,
2.7864459,,
3.1554523,,
3.5620184,,
3.1602693,,
2.452403,,
3.1113443,,
2.5552528,,
3.02557,,
2.7717252,,
2.4591312,,
2.4075267,,
2.4774053,,
2.097684,,
2.4255342,,
1.8872302,,
1.9266067,,
1.4006879,,
1.6903052,,
3.0122433,,
3.1371775,,
3.16884,,
3.3735466,,
3.4334211,,
3.3570375,,
3.3271866,,
3.338963,,
3.4500747,,
3.4481144,,
3.4797263,,
3.488504,,
3.5865083,,
4.145162,,
7.13346,,
7.208457,,
6.9735737,,
6.3323584,,
6.4650826,,
9.125423,,
2.281087,,
2.9176373,,
0.9395497,,
0.5499382,,
0.50163245,,
1.2377045,,
3.3863268,,
2.2619138,,
2.6810327,,
3.2108274,,
3.2873445,,
3.3294606,,
3.2039618,,
3.0873795,,
2.9034784,,
2.8500886,,
3.1182628,,
3.525876,,
3.1103778,,
2.80061,,
2.584005,,
2.1434712,,
2.2723165,,
1.961293,,
1.7989645,,
2.0035625,,
2.010935,,
2.2397459,,
2.3761406,,
2.430305,,
2.6040432,,
1.9482679,,
2.50608,,
2.8047016,,
2.9016657,,
2.6007533,,
3.2967687,,
2.6276236,,
3.0508661,,
2.8447938,,
3.2079096,,
2.6536596,,
2.3404164,,
2.968611,,
1.9435072,,
1.8289447,,
1.3393183,,
1.1157391,,
1.2139637,,
1.27898,,
1.2059529,,
1.6611128,,
1.6623764,,
2.0610597,,
1.825923,,
1.8078253,,
3.5536504,,
3.9104838,,
3.793703,,
5.0410185,,
4.3635573,,
4.0070744,,
3.9464412,,
3.9181886,,
3.734264,,
3.8036308,,
3.6487188,,
3.4634967,,
3.1211615,,
2.9440129,,
2.7702253,,
2.633935,,
2.556885,,
3.2610626,,
4.332602,,
4.8167834,,
4.0517297,,
3.262865,,
3.2288795,,
3.2706718,,
3.0565948,,
2.718134,,
3.0743484,,
2.1391466,,
2.2245746,,
2.6059973,,
2.52939,,
2.2278402,,
2.6529462,,
2.7279065,,
2.7160218,,
2.5056796,,
2.5300822,,
2.6612782,,
6.838408,,
1.9924347,,
1.6776197,,
1.4602933,,
0.997643,,
0.9476545,,
1.4394481,,
3.448484,,
3.6079245,,
3.5399647,,
3.5461912,,
3.6753998,,
3.8389087,,
3.7942224,,
3.287901,,
2.755442,,
3.155407,,
2.3208926,,
2.4107487,,
2.447495,,
2.258235,,
2.7999916,,
1.7290301,,
2.251684,,
3.092575,,
2.3773937,,
2.0530417,,
2.7564955,,
2.2523112,,
3.9132705,,
2.111793,,
1.3790746,,
1.2081285,,
1.0854843,,
1.4981561,,
2.8999698,,
3.1962013,,
2.8361144,,
2.8339777,,
2.926862,,
3.0256748,,
2.9349341,,
1.8494174,,
3.8171782,,
3.939794,,
3.766872,,
2.276066,,
2.8395915,,
2.6421404,,
2.567117,,
2.4254868,,
2.4500754,,
2.7433817,,
2.2097647,,
2.2221963,,
1.7645297,,
1.4600568,,
1.1961594,,
1.1854031,,
1.2502863,,
1.3193715,,
1.8476617,,
1.6894639,,
1.2468877,,
2.3867328,,
4.707869,,
3.6000824,,
4.084013,,
9.980704,,
3.9311852,,
5.2676945,,
5.6200314,,
5.204282,,
5.28904,,
3.65027,,
3.98378,,
1.9732664,,
2.1727016,,
2.247329,,
2.0005858,,
2.384561,,
1.9139032,,
2.373343,,
2.1926441,,
2.1460555,,
4.527614,,
7.1760263,,
5.551489,,
5.933514,,
5.532121,,
5.755952,,
5.4108,,
4.6821327,,
3.5063863,,
2.938097,,
1.6270847,,
2.4340622,,
2.3114045,,
2.1505654,,
2.0674,,
2.0281887,,
2.06395,,
2.2435086,,
2.4763086,,
2.7399063,,
2.925755,,
2.9757233,,
2.912042,,
3.0211601,,
2.9622247,,
2.8938758,,
2.9361174,,
2.7500453,,
2.5132592,,
2.4040322,,
2.2242818,,
2.4871912,,
1.8688204,,
2.1527271,,
1.8763206,,
2.2213683,,
2.1483128,,
2.2527304,,
2.1901264,,
2.50328,,
2.6208138,,
2.5674458,,
2.6446152,,
3.0311646,,
2.9586601,,
2.8249328,,
2.5272813,,
2.622746,,
2.717222,,
2.6717052,,
2.7904665,,
2.3511026,,
2.4767392,,
3.0028205,,
2.1330216,,
2.6345818,,
1.7113404,,
2.4331622,,
2.2757573,,
1.2916121,,
5.240776,,
1.7387288,,
1.3079185,,
2.7365258,,
2.2755175,,
1.7284739,,
2.6930542,,
2.243457,,
1.5533547,,
1.9761705,,
3.4255462,,
3.4056096,,
2.592825,,
2.5274124,,
3.4282885,,
3.856471,,
4.4851623,,
4.159124,,
4.0077643,,
3.5779014,,
4.447367,,
3.4831243,,
4.1129603,,
3.0566158,,
4.2031236,,
3.5635138,,
2.2389848,,
2.0416944,,
2.0879173,,
1.0966988,,
0.6191875,,
2.028388,,
2.0383341,,
2.1568234,,
2.5689673,,
2.7835844,,
3.6908808,,
3.3867574,,
3.2164555,,
2.662674,,
3.13452,,
3.1552758,,
3.3403578,,
3.8082113,,
3.68715,,
3.7675118,,
4.2062244,,
3.4467392,,
3.7949276,,
5.110322,,
2.1311512,,
1.7082705,,
1.9747348,,
4.0465956,,
3.073742,,
1.753413,,
2.293657,,
3.0277925,,
2.5119371,,
1.9987772,,
3.0118499,,
2.5331886,,
1.8234322,,
2.6966841,,
2.4602373,,
2.5324693,,
1.9076467,,
2.92924,,
2.960327,,
2.4899027,,
2.638549,,
2.2827468,,
2.462864,,
2.4229944,,
2.288871,,
2.7988389,,
1.7263625,,
2.4664009,,
1.9768007,,
2.409892,,
1.9467702,,
1.4818869,,
2.6458592,,
1.4709165,,
2.5307965,,
2.5629535,,
2.078665,,
1.0400681,,
1.6263528,,
3.642887,,
1.1609533,,
1.3355155,,
2.667337,,
1.3515604,,
2.7930784,,
5.05226,,
5.8363714,,
4.734195,,
5.1584506,,
3.1797752,,
4.411651,,
5.601401,,
5.6393285,,
3.318449,,
4.0938697,,
4.5400486,,
3.30613,,
3.308485,,
2.1715093,,
3.392295,,
2.9450247,,
3.5806966,,
3.5101771,,
3.7029386,,
3.943788,,
4.042596,,
4.039631,,
6.073443,,
1.9306889,,
1.5239692,,
1.1197407,,
0.8212075,,
0.89413106,,
0.96877956,,
1.1016889,,
1.2596993,,
1.5145328,,
1.7329421,,
1.390091,,
1.6743805,,
1.4774024,,
1.742022,,
1.6622145,,
2.3943517,,
2.36282,,
2.8256767,,
3.753028,,
3.462409,,
3.077806,,
4.110158,,
5.5786777,,
5.4617743,,
3.8645039,,
4.6978707,,
4.2105126,,
4.3366194,,
4.0011735,,
4.6747756,,
2.3884265,,
3.8032207,,
4.4920816,,
1.4221911,,
1.0265644,,
0.8115914,,
0.55047107,,
0.836967,,
0.6530216,,
1.6929004,,
3.2498722,,
4.438282,,
6.4810004,,
4.0124946,,
3.9186096,,
4.249462,,
5.2677593,,
7.5887365,,
8.4254875,,
7.9197483,,
7.566311,,
6.9018316,,
2.3428876,,
1.317656,,
0.787089,,
0.52898145,,
0.34595093,,
0.041250907,,
0.090328984,,
0.19265373,,
0.33268932,,
0.33888146,,
0.4927398,,
0.6147715,,
0.52816176,,
0.42574382,,
0.3294878,,
0.26113328,,
0.21238457,,
0.1772678,,
0.1571125,,
0.14046869,,
0.14171855,,
0.14514332,,
0.15210523,,
0.16187552,,
0.16555327,,
0.18454926,,
0.20140398,,
0.22346394,,
1.0507939,,
2.570227,,
3.3934102,,
6.0784264,,
8.6072035,,
8.116732,,
12.524949,,
9.73391,,
0.915185,,
0.5306697,,
0.49897897,,
0.49133262,,
3.9385757,,
8.955646,,
8.572603,,
8.281784,,
9.898715,,
7.6626253,,
7.4652967,,
7.606517,,
7.5996437,,
7.5534716,,
7.3461685,,
6.832208,,
6.3834968,,
6.115867,,
4.3000607,,
6.378813,,
9.925223,,
7.8778353,,
23.010113,,
26.490963,,
16.535273,,
13.977112,,
18.223112,,
31.513763,,
20.880026,,
11.403402,,
9.655803,,
12.650442,,
10.540711,,
9.238191,,
0.8493124,,
0.9293834,,
0.9866239,,
0.74290025,,
0.6874275,,
0.61985135,,
0.5969764,,
2.2218144,,
6.601268,,
33.11201,,
19.378862,,
18.84954,,
21.694477,,
23.198664,,
24.024035,,
7.763644,,
6.2846603,,
6.8471293,,
8.521274,,
12.091758,,
15.813404,,
29.112162,,
26.690048,,
23.827017,,
22.313072,,
21.239508,,
19.485214,,
18.165094,,
15.529413,,
12.646375,,
9.899287,,
8.088272,,
7.2930355,,
6.5618863,,
5.9249845,,
5.410985,,
5.2472534,,
5.528754,,
5.374914,,
5.542069,,
5.5448327,,
5.907487,,
6.3572803,,
6.29094,,
6.44232,,
9.820769,,
1.786396,,
1.6914012,,
1.0580621,,
3.615446,,
2.6061225,,
2.0717888,,
3.6097312,,
2.313005,,
2.6779468,,
2.6992216,,
2.7020216,,
2.8156648,,
2.8529406,,
2.8064072,,
3.1180558,,
2.8175302,,
2.579596,,
2.5749214,,
3.9735293,,
2.0575852,,
1.9204669,,
2.3301198,,
2.8550017,,
1.3272355,,
1.5080903,,
1.2771218,,
1.3291147,,
1.386461,,
1.5046332,,
1.4836538,,
1.7702341,,
1.9883716,,
2.0983484,,
2.0475287,,
1.9075577,,
2.3524528,,
3.1763783,,
3.4452744,,
3.800723,,
5.2874966,,
3.766797,,
4.3831134,,
4.472613,,
4.760344,,
3.2300906,,
2.4536216,,
2.3513675,,
2.3547347,,
2.5082264,,
2.108461,,
2.0827217,,
1.7033813,,
1.7490385,,
1.3413992,,
1.2341454,,
1.0400348,,
0.99774647,,
0.76574576,,
1.4696462,,
2.1778574,,
2.3076937,,
2.2091084,,
2.7514846,,
4.211321,,
4.07307,,
3.2292805,,
5.406598,,
5.2431912,,
4.4131484,,
3.3195071,,
1.8786311,,
2.3729892,,
2.9821196,,
2.3385472,,
2.095712,,
2.0095704,,
2.6956596,,
2.446414,,
2.2016509,,
2.1534808,,
2.0121856,,
1.8831222,,
3.4336262,,
4.0606303,,
3.5197744,,
3.3124657,,
4.5345407,,
4.4620147,,
5.0321674,,
5.642434,,
4.4724073,,
5.0077157,,
3.499526,,
1.67276,,
2.1387827,,
3.6565237,,
3.318811,,
2.9723167,,
2.5363631,,
2.9685411,,
2.4541523,,
1.7798579,,
3.689845,,
3.2396655,,
2.6603034,,
2.5730612,,
2.598766,,
2.5442657,,
2.8381624,,
6.5329294,,
6.310022,,
6.370244,,
6.2580223,,
2.5475214,,
3.4859915,,
1.8587947,,
1.3132064,,
0.71789527,,
0.6012217,,
1.4411576,,
2.117444,,
2.7325296,,
3.0761538,,
2.4132838,,
3.1240087,,
2.938592,,
3.2963095,,
3.3667097,,
3.4117527,,
3.1761122,,
3.125373,,
3.2349653,,
3.101993,,
3.1425462,,
3.1670847,,
2.8233643,,
2.8138635,,
2.7513242,,
2.6729598,,
2.3717167,,
2.7186832,,
2.3620527,,
2.5169146,,
3.2401705,,
3.0758324,,
2.8035634,,
2.9662004,,
3.1112604,,
2.8736775,,
2.827286,,
2.7096412,,
2.7601962,,
2.6145947,,
2.7211435,,
2.5460117,,
2.5665166,,
2.3521826,,
2.457696,,
2.693596,,
2.225199,,
2.7362714,,
2.52705,,
2.4785683,,
2.3770587,,
2.711359,,
2.616257,,
2.2423053,,
2.3918402,,
2.396961,,
2.5767581,,
2.9038925,,
2.2544544,,
2.771451,,
3.6696253,,
2.5022683,,
2.54412,,
2.583717,,
2.0091724,,
1.5134714,,
2.1379137,,
1.4348502,,
1.2249491,,
3.1462684,,
1.4466434,,
2.8275526,,
3.7865615,,
3.5702143,,
2.8852618,,
2.988888,,
2.569321,,
2.8582723,,
2.7757866,,
3.4373612,,
2.062642,,
2.4135146,,
2.523605,,
2.2981758,,
1.916096,,
2.4759712,,
2.7924545,,
1.7659276,,
2.6414597,,
2.1210794,,
1.3942554,,
1.1082311,,
1.2302401,,
0.9701903,,
0.98783064,,
0.7853215,,
1.2643697,,
2.5805717,,
5.2302437,,
3.7373652,,
3.589522,,
3.8878841,,
5.239416,,
3.7501712,,
7.529708,,
4.279576,,
4.938311,,
4.7782907,,
4.8911786,,
2.1569974,,
1.0065033,,
4.0955067,,
4.3352733,,
5.2227936,,
1.5217955,,
0.98401296,,
0.82797,,
1.1909933,,
2.1280966,,
2.379963,,
2.4467304,,
2.6200309,,
2.7156355,,
2.9199045,,
1.9611359,,
5.2275667,,
5.96608,,
4.8692865,,
5.3740783,,
5.1610317,,
4.7814837,,
4.2241826,,
2.9415433,,
3.392476,,
1.8531451,,
1.4557164,,
0.93729734,,
0.773756,,
1.7961688,,
1.3239901,,
1.4672585,,
2.7075748,,
4.3400474,,
3.4528313,,
3.2265296,,
2.5659103,,
2.5224879,,
2.5521302,,
2.6354086,,
3.0492759,,
3.3473225,,
2.7214305,,
3.685565,,
2.26235,,
1.4933453,,
1.9717207,,
1.9985294,,
1.7901018,,
2.0101404,,
1.7120597,,
1.9220979,,
1.6695557,,
2.009048,,
2.5581508,,
2.5979068,,
2.7870855,,
3.8729515,,
2.7837048,,
3.3439522,,
4.7779584,,
4.998891,,
4.523557,,
5.263688,,
9.117103,,
2.6934,,
2.9795845,,
1.7692733,,
2.5064678,,
2.3914793,,
2.5559945,,
2.6946528,,
2.816043,,
1.7993503,,
1.3004217,,
1.4243195,,
1.2649932,,
1.2120395,,
1.2586544,,
1.5571241,,
1.5054257,,
3.5403638,,
5.8282876,,
3.183669,,
4.9803443,,
4.280351,,
2.861128,,
3.371408,,
3.444581,,
2.9554436,,
1.6881678,,
2.342307,,
1.8023779,,
1.7303357,,
1.8949423,,
2.280788,,
1.377228,,
1.5563402,,
1.6157048,,
1.5477812,,
1.2356591,,
1.4791801,,
2.8021784,,
2.8327513,,
3.4529333,,
2.5870833,,
2.4833398,,
2.6351717,,
3.0685267,,
2.6676898,,
2.1837454,,
2.014027,,
1.763545,,
3.041944,,
2.3547778,,
2.6095824,,
1.2531691,,
2.3076735,,
2.0742543,,
1.6527798,,
2.080052,,
2.2376554,,
2.3252227,,
2.4297228,,
2.4443777,,
2.3436863,,
2.398432,,
2.2096488,,
2.2782352,,
2.5876055,,
3.3469324,,
2.5463476,,
2.996895,,
2.988722,,
2.087218,,
1.5998187,,
1.1750734,,
0.90830016,,
0.8124808,,
2.725262,,
3.2752852,,
3.0981107,,
3.647715,,
4.8882875,,
5.139494,,
3.8320556,,
5.113516,,
6.663801,,
3.2957978,,
1.7938643,,
1.3570879,,
1.5719349,,
2.3592873,,
2.5490851,,
2.6373885,,
2.3880863,,
2.117841,,
2.0770361,,
3.4168878,,
2.2336817,,
2.2316966,,
2.8204324,,
3.973186,,
2.9022975,,
2.9245815,,
2.0590522,,
2.6364007,,
2.7394364,,
2.7057009,,
2.3305879,,
2.6756651,,
1.4993799,,
1.8867738,,
2.3707876,,
2.106543,,
1.9590123,,
2.1105764,,
2.0058222,,
2.3844287,,
3.4822307,,
3.2981868,,
3.3111525,,
1.7003407,,
2.0089595,,
1.6380372,,
1.3093524,,
1.2490215,,
1.1781483,,
1.2247953,,
1.2928021,,
1.4365025,,
1.937468,,
4.1816435,,
3.980441,,
5.356746,,
3.8592281,,
5.290975,,
6.5830092,,
12.76767,,
3.7819996,,
2.2118168,,
1.57564,,
1.0704682,,
0.8426447,,
0.6979042,,
0.604236,,
0.48401323,,
1.7181096,,
3.7257104,,
4.429288,,
3.7114325,,
4.4745493,,
5.9412913,,
3.5775027,,
3.7027955,,
7.094618,,
4.4998293,,
5.0039296,,
5.203914,,
4.748509,,
4.5639443,,
4.442151,,
4.1382565,,
3.858561,,
3.8901348,,
4.5841665,,
2.2220345,,
2.189862,,
4.229961,,
4.70346,,
5.504361,,
5.703494,,
6.0735865,,
7.7334814,,
2.1561418,,
2.0623112,,
1.8345416,,
1.4425092,,
1.3515384,,
1.3262475,,
1.3928454,,
2.1366634,,
3.9769058,,
2.2845237,,
2.0791037,,
1.7479806,,
2.267925,,
2.726323,,
2.7188122,,
2.7231424,,
1.7286651,,
2.7829745,,
2.5018554,,
2.3976033,,
1.7306459,,
1.6306682,,
1.5943341,,
1.5440519,,
1.359101,,
1.4573307,,
1.4974942,,
1.6476221,,
1.691932,,
1.8019438,,
3.2188077,,
3.8923993,,
3.3979144,,
3.4915185,,
5.1471205,,
3.6141338,,
4.348171,,
4.8520308,,
5.1305633,,
4.869698,,
4.4708896,,
4.3056602,,
2.8332176,,
1.7806835,,
2.0917304,,
2.3805134,,
2.4726422,,
2.429089,,
1.9518235,,
1.9674447,,
1.7736962,,
1.8824744,,
2.1781533,,
2.388149,,
2.553717,,
2.8617923,,
2.8535106,,
2.7550027,,
2.9867318,,
8.432909,,
1.9020374,,
1.6565971,,
1.3945782,,
1.2459791,,
1.131805,,
0.8727063,,
1.0475168,,
2.0251803,,
3.0111856,,
3.1673326,,
2.9433002,,
3.6699271,,
3.635923,,
4.495315,,
5.3753057,,
3.9752717,,
4.583059,,
2.3376667,,
2.583245,,
2.6010242,,
4.282318,,
3.7971435,,
4.553965,,
3.4356236,,
3.6313725,,
2.3543136,,
2.6918535,,
2.9843652,,
1.507788,,
1.7323599,,
2.0707784,,
1.5684805,,
1.9235141,,
5.6558785,,
3.6310587,,
3.697393,,
5.411866,,
6.2973475,,
3.219481,,
3.1181507,,
3.494093,,
4.7177,,
1.9208329,,
1.4401345,,
0.7709031,,
0.5773189,,
0.5351392,,
0.5619924,,
0.79815555,,
1.2302392,,
1.5529268,,
1.2257779,,
1.2180891,,
2.5235825,,
3.4556441,,
4.0098906,,
3.8826938,,
3.693038,,
4.4193907,,
5.1664867,,
6.29412,,
6.4839563,,
5.696694,,
4.3751163,,
3.449922,,
3.0576906,,
1.9634602,,
2.1563802,,
2.0783155,,
2.038777,,
2.0813274,,
2.1976383,,
2.4998672,,
2.838144,,
3.7421327,,
4.202544,,
3.7973595,,
3.542945,,
3.091267,,
2.9893155,,
3.214302,,
3.2657223,,
3.4326892,,
3.6294775,,
3.985044,,
4.2106338,,
4.090042,,
3.9097643,,
3.611979,,
3.1584725,,
3.1090732,,
4.666354,,
2.114862,,
2.721131,,
2.910581,,
3.206111,,
3.5246139,,
3.9528742,,
4.100142,,
4.2158604,,
4.265749,,
4.3299127,,
4.22281,,
3.5646667,,
3.769545,,
4.0374236,,
4.169168,,
4.284148,,
4.929228,,
4.096297,,
5.5829077,,
4.2043138,,
3.1233974,,
3.5103207,,
3.1844482,,
3.001431,,
2.8537974,,
2.615939,,
2.749643,,
2.5380769,,
2.7163982,,
2.9851608,,
2.9361258,,
3.062716,,
3.2306447,,
3.193869,,
3.0915074,,
6.934296,,
4.7414484,,
4.462177,,
4.7850914,,
4.085696,,
3.9070811,,
3.3133073,,
3.2795334,,
3.1191568,,
2.855372,,
2.6636372,,
2.5353153,,
2.5291908,,
2.5391648,,
2.5201402,,
2.5531383,,
2.614226,,
2.6653943,,
2.6918817,,
2.861811,,
2.6899145,,
2.9073708,,
2.4548907,,
4.9587045,,
4.274279,,
1.5838306,,
1.3508782,,
1.8187919,,
2.4764817,,
2.7933478,,
3.1531425,,
4.6945534,,
3.4420466,,
3.234519,,
3.1602411,,
3.1926198,,
3.228848,,
3.0985231,,
2.8232691,,
3.5503263,,
2.92751,,
1.9424784,,
2.4327874,,
2.270975,,
2.3748903,,
3.4329138,,
2.2509274,,
2.1482894,,
2.3428369,,
2.1193593,,
2.8854434,,
1.3222091,,
1.068182,,
1.368115,,
1.6580911,,
2.9990366,,
3.063067,,
3.2297988,,
3.550682,,
3.3936858,,
3.2939348,,
3.9494057,,
3.4593387,,
3.38971,,
3.3516207,,
3.2609644,,
3.3246455,,
3.2911873,,
3.3187642,,
3.5646844,,
3.1154838,,
2.9061666,,
2.766884,,
2.6838682,,
4.5273814,,
5.360514,,
5.634752,,
4.5136166,,
2.750839,,
3.0308423,,
3.1621075,,
2.6163664,,
2.495779,,
2.3820193,,
2.29467,,
2.4483159,,
2.3645854,,
2.3714807,,
2.4397666,,
2.5625784,,
2.581838,,
2.765458,,
2.812384,,
2.7950087,,
2.5673769,,
2.514868,,
4.4027896,,
2.2675705,,
2.407181,,
2.5838363,,
2.2332306,,
2.7163477,,
2.4573333,,
2.3538234,,
2.3938746,,
2.3073611,,
2.3828342,,
2.3766665,,
1.7357228,,
2.0635104,,
2.1004853,,
2.7177732,,
2.03166,,
3.0712008,,
1.5019307,,
1.3170493,,
1.5961778,,
1.6715765,,
2.1188562,,
2.2385895,,
4.9675155,,
3.69247,,
2.045493,,
6.5443068,,
6.9965696,,
3.5950284,,
4.072434,,
6.0733814,,
3.742127,,
2.7705662,,
2.8815427,,
2.5466585,,
2.5554817,,
2.5108564,,
2.4953625,,
2.3734925,,
2.3060806,,
2.1216495,,
1.8158591,,
2.1854506,,
2.3595707,,
2.5607085,,
2.6687639,,
2.9110916,,
1.8306651,,
2.6720943,,
2.6723583,,
2.6071126,,
2.5749009,,
2.568145,,
2.500467,,
2.4392145,,
2.5611157,,
2.5387483,,
2.6440983,,
1.3975115,,
5.417602,,
6.0831485,,
5.9632483,,
6.387999,,
7.230914,,
3.57296,,
4.013177,,
3.5871062,,
3.2652369,,
2.938437,,
3.2530131,,
1.6397486,,
1.1153047,,
0.99061,,
1.24722,,
2.669904,,
3.7014623,,
2.1110215,,
2.848916,,
4.1759424,,
5.2400594,,
5.5389285,,
5.1916933,,
5.089138,,
3.066885,,
2.816287,,
2.2109432,,
1.0333929,,
0.74683905,,
0.6705539,,
0.40687957,,
0.668731,,
2.211612,,
2.953904,,
3.2440605,,
2.739384,,
2.4361885,,
2.2995431,,
2.5918784,,
2.6735804,,
2.3700957,,
3.0203195,,
3.084465,,
2.8541758,,
3.2022295,,
2.1648252,,
2.104582,,
1.9674432,,
1.9937124,,
1.9612751,,
1.1240363,,
1.6720197,,
1.7439737,,
1.0735323,,
1.4731512,,
2.6165547,,
2.693074,,
2.8103294,,
2.9916735,,
3.595171,,
2.150957,,
1.8740938,,
1.4930656,,
2.5758326,,
3.5224113,,
3.5755234,,
3.6634922,,
4.8462763,,
1.390625,,
2.394173,,
5.7330737,,
5.3100157,,
5.3386526,,
4.634429,,
4.2294755,,
3.7364597,,
5.146741,,
4.491463,,
4.34251,,
3.7139926,,
2.4098754,,
2.919552,,
3.6432953,,
4.397504,,
2.2062938,,
2.4348328,,
2.1273358,,
2.6369526,,
2.9596853,,
3.1978207,,
3.7103148,,
5.314112,,
2.615843,,
1.640599,,
1.29514,,
1.34023,,
1.3557677,,
2.3843694,,
2.3073611,,
2.4053013,,
2.4989624,,
2.9249175,,
3.7183042,,
2.7082374,,
2.8789318,,
4.525822,,
5.296287,,
5.814431,,
2.1378093,,
2.548488,,
2.6310463,,
1.6845882,,
2.597741,,
2.7588189,,
2.384162,,
2.3205767,,
1.7414563,,
2.4171445,,
1.8937972,,
2.46709,,
2.435109,,
3.0101013,,
2.7653625,,
2.6434815,,
2.4476748,,
2.1232166,,
1.4206123,,
2.4219017,,
2.4618263,,
2.5896933,,
2.0404422,,
2.1923976,,
2.3835263,,
2.371886,,
0.91890633,,
3.8230362,,
4.7019,,
4.8321977,,
5.1009464,,
5.619125,,
4.0663276,,
2.8671,,
2.6711366,,
1.9929395,,
1.6177688,,
1.0422635,,
1.1637666,,
2.106544,,
2.4131052,,
2.690203,,
2.365132,,
2.6652474,,
2.333513,,
2.7662811,,
3.0485353,,
2.3360112,,
2.259063,,
2.417503,,
2.3222852,,
2.523035,,
1.501152,,
2.5009525,,
2.1911206,,
2.1562238,,
2.5979187,,
2.3876328,,
2.6834571,,
4.813937,,
1.8186965,,
1.3524096,,
0.9905257,,
0.980391,,
1.1705048,,
0.961321,,
2.2090895,,
3.4977965,,
7.6716404,,
7.0429096,,
7.0199947,,
3.6961312,,
3.6442018,,
2.4136305,,
1.9780939,,
3.6496534,,
3.2277765,,
1.5875258,,
1.551152,,
1.4579365,,
1.4384303,,
1.4381921,,
1.5272322,,
1.7870607,,
2.2968628,,
2.6525047,,
4.6448326,,
5.1840982,,
2.6928372,,
3.2511644,,
3.5001273,,
3.1964955,,
4.714383,,
3.3585162,,
3.0617352,,
2.9334545,,
3.0269256,,
2.363174,,
2.614022,,
2.3873837,,
2.894589,,
2.24661,,
2.0224285,,
2.2302003,,
2.2537436,,
1.4420848,,
0.98959243,,
1.0154035,,
1.0474298,,
1.4978421,,
1.8002493,,
2.024593,,
2.0342703,,
2.0344477,,
1.8869259,,
2.6475422,,
3.1868834,,
3.543335,,
3.703422,,
8.555266,,
7.1051607,,
6.852411,,
5.803316,,
4.901508,,
2.8666375,,
3.0478969,,
2.4481614,,
2.271029,,
2.1789417,,
2.033209,,
2.1248322,,
2.1635177,,
2.3477378,,
2.5063047,,
2.650692,,
2.797381,,
3.1731405,,
3.5938172,,
4.1451125,,
4.485856,,
4.905567,,
2.295486,,
2.947791,,
2.3900826,,
2.519132,,
1.4508288,,
1.333678,,
1.6226766,,
1.5614552,,
1.4553237,,
1.1962719,,
1.2997005,,
1.5855072,,
1.8566957,,
2.0471237,,
2.1175072,,
2.5705981,,
2.5986874,,
2.6225913,,
2.7120388,,
2.837677,,
2.953833,,
2.8994877,,
2.7583215,,
2.8965263,,
3.755208,,
3.024784,,
2.6155486,,
2.5297234,,
2.2303224,,
3.071343,,
1.0224645,,
0.7910812,,
0.60534406,,
1.3879764,,
2.5396178,,
3.6906252,,
10.15881,,
10.172698,,
11.007585,,
11.803659,,
11.894432,,
10.684935,,
9.850856,,
8.271246,,
7.5056906,,
3.2781172,,
3.0027013,,
2.0793736,,
3.1112847,,
3.0010877,,
2.9875264,,
2.6186793,,
2.730263,,
2.6411593,,
2.6908453,,
2.6253297,,
2.5036867,,
2.8871167,,
2.444557,,
2.9279118,,
3.2621722,,
3.0163317,,
2.355816,,
2.8675015,,
3.5856462,,
2.6359053,,
2.6811016,,
2.7269733,,
2.632211,,
2.6068547,,
2.65112,,
1.7875559,,
2.4413633,,
1.9935429,,
2.4166677,,
2.440548,,
2.67801,,
2.6862469,,
2.1038218,,
1.432169,,
1.4939771,,
1.3630617,,
1.1309192,,
1.0890367,,
1.1885624,,
1.4616532,,
2.9795442,,
7.618759,,
3.7370534,,
4.115669,,
3.7320318,,
2.725977,,
8.760787,,
4.5385613,,
5.177188,,
3.0602107,,
3.0232768,,
4.110307,,
2.6223235,,
2.2499743,,
2.4356253,,
2.1414318,,
2.2001038,,
2.5989964,,
2.3150496,,
1.7819421,,
2.5448127,,
2.7295532,,
1.940021,,
2.146259,,
2.8972888,,
2.520744,,
2.7873366,,
2.2257488,,
4.768433,,
5.63798,,
5.6220093,,
5.371776,,
5.486393,,
6.1043673,,
3.4321938,,
2.0140996,,
1.6502142,,
1.3706241,,
0.86236095,,
1.508867,,
2.4351907,,
3.1176949,,
2.992798,,
2.4978783,,
3.183847,,
3.8690243,,
2.9255037,,
3.571381,,
3.1586022,,
3.1031747,,
2.5515954,,
1.999212,,
1.4974265,,
1.1924596,,
1.0019324,,
0.6245673,,
0.92823935,,
2.7613971,,
3.1219335,,
2.8302875,,
3.2769542,,
3.094193,,
4.541519,,
2.922444,,
3.0696168,,
3.1651187,,
2.856039,,
3.3488584,,
2.387498,,
2.8728213,,
2.5687056,,
2.72426,,
2.6768296,,
2.5772555,,
2.7488408,,
3.0169811,,
1.7224283,,
1.5267336,,
1.138524,,
1.1534898,,
1.4790916,,
2.6131332,,
3.108314,,
2.846519,,
3.4313226,,
3.088069,,
2.656483,,
2.644205,,
2.8998876,,
2.237774,,
2.5630317,,
2.4543033,,
2.424464,,
2.3567393,,
2.4999409,,
2.1721673,,
1.9234321,,
2.2086005,,
2.1552453,,
2.3309143,,
1.7174213,,
3.118589,,
4.3225594,,
4.298567,,
4.6033363,,
3.934392,,
2.9698052,,
1.8903344,,
1.7116156,,
1.0946858,,
2.036952,,
3.7290573,,
3.0660048,,
2.7285936,,
1.7413054,,
1.191834,,
1.8559098,,
3.0008068,,
3.2698731,,
4.392832,,
3.4896665,,
2.9075217,,
2.6953685,,
2.0425074,,
1.9285965,,
2.561806,,
3.7067065,,
6.764653,,
7.033452,,
3.5842214,,
4.4790244,,
4.42426,,
3.9777465,,
3.505044,,
3.2216334,,
3.1838365,,
2.8668206,,
2.7425876,,
2.6288335,,
2.7658098,,
2.8144279,,
3.0045295,,
2.9628959,,
3.257547,,
3.5529718,,
6.797119,,
4.7231364,,
5.0715055,,
4.811809,,
4.410927,,
2.9681337,,
3.4830837,,
4.875557,,
1.8359716,,
1.407398,,
1.1557047,,
0.9497541,,
0.7267747,,
1.1250327,,
2.030958,,
4.0282583,,
4.4829407,,
4.4736023,,
6.180292,,
5.567525,,
6.2774086,,
5.2002683,,
4.00838,,
3.9647307,,
3.7964487,,
1.4994593,,
1.2816114,,
1.7572658,,
1.930299,,
3.7180328,,
3.4583569,,
2.323404,,
3.3375854,,
3.9544368,,
3.5698128,,
4.0359645,,
3.7831593,,
3.9717607,,
2.0056741,,
1.6890748,,
1.4804904,,
1.3138688,,
1.2504847,,
0.9627876,,
1.0088837,,
1.0294325,,
0.9595479,,
0.8215076,,
0.7059822,,
0.58674693,,
0.52994657,,
0.37816495,,
0.45535526,,
0.42943636,,
0.40299326,,
1.787004,,
18.883085,,
22.612429,,
13.598388,,
13.016877,,
13.705813,,
11.709762,,
1.6864643,,
0.58772457,,
0.5479454,,
0.5105611,,
0.44531664,,
3.0866632,,
4.1005783,,
4.33822,,
4.363863,,
5.955226,,
0.9346564,,
0.49339905,,
0.35242426,,
0.4302656,,
1.4051008,,
2.4998174,,
3.2947717,,
5.0965776,,
4.894775,,
4.766391,,
4.1035852,,
4.026679,,
4.071942,,
3.8668995,,
3.8971958,,
4.163137,,
4.2625284,,
4.462044,,
4.403291,,
4.485109,,
4.4658465,,
4.4028096,,
4.2470202,,
3.7332382,,
2.9114127,,
2.6065936,,
2.65225,,
2.618356,,
2.709721,,
2.6910126,,
3.4326868,,
3.619443,,
3.7337747,,
3.202652,,
3.045876,,
3.0322242,,
2.94622,,
2.8776596,,
1.989069,,
2.5657928,,
2.9443758,,
2.8467474,,
2.6931107,,
2.5374556,,
1.9091115,,
1.9555607,,
2.0142117,,
2.0301633,,
2.184579,,
2.235806,,
2.2643347,,
2.365693,,
2.3088152,,
1.8439252,,
2.0280485,,
2.0030553,,
2.2368722,,
2.2799315,,
2.361549,,
2.351109,,
3.4493985,,
3.602498,,
8.47135,,
9.366384,,
5.385135,,
4.512709,,
4.7144794,,
7.1375637,,
12.031776,,
4.8835454,,
5.328598,,
2.228441,,
3.6472406,,
1.0164149,,
0.90759814,,
0.9599961,,
0.5856043,,
0.5193577,,
0.8052864,,
2.3740163,,
5.4774613,,
4.87991,,
4.3156147,,
3.7811446,,
3.6057405,,
3.6324105,,
3.6157951,,
3.5356865,,
3.277182,,
3.3641987,,
3.1666894,,
3.7517986,,
4.8345757,,
3.6229382,,
3.1848855,,
1.0076632,,
2.2381687,,
1.0194373,,
0.80989206,,
0.6440592,,
0.4076186,,
0.41073206,,
0.35330644,,
0.3177089,,
0.3413753,,
0.3069539,,
0.22220108,,
0.051912785,,
0.17083983,,
0.2047651,,
1.1488652,,
1.9748557,,
2.253425,,
1.8501842,,
1.7564347,,
2.0208359,,
4.0557976,,
2.5833924,,
4.506798,,
5.3359256,,
4.570745,,
3.0346823,,
3.060904,,
6.0201592,,
7.043706,,
5.0604744,,
3.7727313,,
3.7325034,,
3.9441433,,
4.030455,,
5.810559,,
1.5272105,,
0.79642785,,
0.58174086,,
0.4326303,,
0.36530128,,
0.32157847,,
1.7797108,,
3.76786,,
3.4693933,,
2.8451302,,
3.1963253,,
3.392333,,
2.2685893,,
1.9095845,,
1.8270438,,
1.8612602,,
1.7742443,,
1.648042,,
1.657933,,
1.6982706,,
1.7587664,,
1.7736197,,
1.8913343,,
2.0006368,,
2.1312294,,
2.2430258,,
2.4245505,,
2.8658605,,
2.7333117,,
2.8812575,,
2.7315104,,
2.7889347,,
2.85777,,
3.0402622,,
2.9121327,,
2.9604483,,
2.8994129,,
2.90143,,
3.048685,,
2.8435748,,
3.0049696,,
2.9340332,,
2.77122,,
2.7068477,,
7.0963316,,
12.056454,,
8.168042,,
9.961631,,
5.1231246,,
3.7138991,,
3.5175982,,
0.9256904,,
1.0130699,,
1.5686283,,
1.376663,,
1.1727662,,
1.5050619,,
1.3942742,,
1.8579383,,
1.4720619,,
1.4437826,,
1.3888044,,
3.8458848,,
6.40176,,
5.995695,,
8.13965,,
9.909332,,
6.2828293,,
5.8724637,,
5.81452,,
5.7315965,,
5.843478,,
5.852275,,
5.819376,,
6.0833282,,
6.077571,,
5.2596655,,
5.1214037,,
4.6116633,,
4.505461,,
4.5962563,,
4.266443,,
4.1368523,,
1.9385917,,
0.6950284,,
0.6863775,,
0.67255104,,
0.72940266,,
0.78575265,,
1.0814548,,
1.1928475,,
1.2410522,,
1.1871746,,
1.2694743,,
1.1372025,,
1.3478541,,
1.4332292,,
1.3161354,,
0.9602473,,
0.6578001,,
0.7826072,,
0.89933074,,
0.9595474,,
1.0363543,,
1.1020567,,
2.077065,,
2.295563,,
4.239196,,
3.9243064,,
3.8594227,,
3.9645858,,
3.9600143,,
4.3951306,,
5.8916745,,
4.8928103,,
4.618842,,
4.713101,,
4.2285485,,
4.078929,,
3.958376,,
2.43839,,
1.0293863,,
1.1039183,,
1.5735583,,
1.0510032,,
1.1783152,,
1.7722669,,
2.4154117,,
2.332409,,
2.0719285,,
1.951329,,
1.9275885,,
1.7510993,,
3.5767145,,
2.7095952,,
2.355473,,
2.3470323,,
2.2287192,,
2.3197138,,
2.353608,,
2.3101606,,
2.4580114,,
2.151402,,
0.77086604,,
1.3775957,,
1.2466743,,
1.5642262,,
1.4260421,,
1.7631927,,
1.7736156,,
1.897064,,
2.8045728,,
3.9124537,,
3.8236861,,
3.6514149,,
3.6030288,,
3.486938,,
3.3242607,,
3.1724606,,
2.7793424,,
2.6165574,,
2.6311646,,
2.6381924,,
2.6342127,,
2.5507598,,
2.577407,,
2.6062753,,
2.6671276,,
2.461551,,
2.5974462,,
2.5737472,,
3.6757264,,
5.142508,,
5.3959446,,
5.1203775,,
4.750119,,
4.534632,,
4.6383104,,
4.283125,,
4.3139563,,
4.2473,,
4.3072057,,
4.2260876,,
4.1033893,,
2.3000093,,
2.2095642,,
1.1942699,,
1.5771136,,
1.6588678,,
0.9309641,,
0.89673555,,
0.92837906,,
1.2146254,,
1.2514453,,
1.2120543,,
1.3042054,,
1.2975907,,
1.1596384,,
1.1653588,,
1.3599086,,
1.3412995,,
1.7479429,,
1.1974123,,
0.84527886,,
1.6843183,,
7.75531,,
6.1733117,,
5.4514384,,
3.8529239,,
1.7658789,,
1.6797729,,
1.8146188,,
1.9698575,,
2.0908384,,
2.1285446,,
2.8218806,,
1.5196488,,
1.6253598,,
2.3333588,,
10.306091,,
4.3689966,,
4.5953507,,
6.1491866,,
7.432811,,
2.2344997,,
2.3347096,,
1.0923321,,
2.3291993,,
3.2046976,,
4.2063274,,
4.3491426,,
5.331382,,
5.418126,,
1.342792,,
3.12991,,
5.3161697,,
5.9354057,,
5.236063,,
2.4062543,,
1.1612687,,
1.1709068,,
1.1324682,,
1.2240365,,
1.0864491,,
2.4120333,,
3.5266385,,
4.9984155,,
6.2198963,,
5.523834,,
4.6955237,,
4.5558105,,
4.3733788,,
2.3758423,,
2.6555648,,
2.5383105,,
2.6706216,,
2.5990145,,
2.5054615,,
2.724594,,
1.8579395,,
1.7712,,
1.8024287,,
1.7167072,,
1.750572,,
1.9517975,,
1.3118567,,
0.93851435,,
1.1801007,,
1.1800675,,
1.1855288,,
1.2500651,,
1.2440014,,
1.2750266,,
1.289685,,
1.2846348,,
1.3558097,,
1.3452137,,
1.5599496,,
1.6233547,,
2.1496222,,
1.0614195,,
0.89368546,,
1.2810261,,
2.2114255,,
4.3549337,,
4.129497,,
4.157207,,
4.0221057,,
4.817391,,
4.7324286,,
4.8076997,,
4.503036,,
3.9542155,,
5.1797886,,
5.0412745,,
4.344236,,
4.1927185,,
5.5730376,,
5.916985,,
4.6167297,,
4.2401013,,
3.4509282,,
7.647916,,
5.716597,,
5.505708,,
5.2343855,,
4.7741294,,
5.2967005,,
0.7486521,,
0.9039681,,
0.85490096,,
2.9414804,,
3.8066463,,
2.7128854,,
2.3081439,,
2.2017143,,
1.4200172,,
0.95104086,,
3.4241457,,
4.348586,,
4.7914095,,
4.5230246,,
4.8807364,,
4.6806974,,
4.7311907,,
4.456469,,
4.0784492,,
4.289147,,
2.9513915,,
0.8916062,,
0.95361614,,
1.1951835,,
1.2791517,,
1.2676461,,
0.9764259,,
1.5825481,,
2.686127,,
1.8104417,,
2.2630668,,
4.7606816,,
5.534653,,
5.514362,,
4.465017,,
4.453258,,
4.2402763,,
3.803269,,
3.5002093,,
3.4728951,,
3.3661318,,
3.4374256,,
3.471005,,
1.5725503,,
1.5174251,,
1.4984179,,
1.4654679,,
1.1633093,,
0.9334364,,
0.9426148,,
0.9852171,,
1.0067236,,
1.046818,,
1.0486755,,
1.0699542,,
1.1000435,,
1.1728513,,
1.9348829,,
0.823511,,
0.98717904,,
1.0704036,,
0.9598274,,
1.7920284,,
0.92888355,,
0.8379364,,
0.7015325,,
0.57927966,,
0.49294478,,
0.43488866,,
0.38798642,,
0.34972695,,
0.34300336,,
0.33114424,,
0.32375634,,
0.30182427,,
1.9709704,,
3.0583816,,
3.282154,,
5.376644,,
3.0312366,,
2.946426,,
1.7532465,,
0.6263486,,
0.475722,,
0.3941416,,
0.36160064,,
0.3303406,,
0.12500028,,
2.618382,,
3.0185356,,
5.093658,,
6.1417665,,
7.112959,,
7.740081,,
8.002193,,
7.111681,,
6.5274916,,
8.87956,,
0.9052974,,
6.062254,,
1.3915303,,
0.7924653,,
0.27780712,,
0.56843925,,
3.1705012,,
5.755482,,
8.882767,,
8.890269,,
4.6221337,,
4.2223754,,
4.116762,,
5.0974174,,
5.1049027,,
4.9537725,,
4.6062527,,
3.9190054,,
4.9814963,,
3.501243,,
2.6210802,,
2.670812,,
4.9889116,,
1.2051933,,
0.719138,,
0.58584845,,
0.51429653,,
0.50299287,,
0.5129931,,
0.5159966,,
0.49742207,,
0.50958335,,
0.52735484,,
0.5070057,,
0.48706844,,
0.4898299,,
0.5281993,,
0.48650873,,
0.9170948,,
1.4844189,,
2.144355,,
2.5086224,,
2.640395,,
2.5864828,,
2.6916168,,
2.8240736,,
2.8117223,,
2.6237147,,
2.715809,,
2.6362894,,
2.6656687,,
2.569903,,
2.478581,,
2.512265,,
2.574943,,
2.370023,,
2.426396,,
2.3377573,,
2.2483194,,
2.1601968,,
2.3878086,,
2.3176367,,
2.196993,,
2.1977723,,
2.047059,,
2.3246412,,
2.1020954,,
2.111793,,
2.1364226,,
